,Model,Qiymət,SIM-kart növü,SIM-kart sayı,Batareya tutumu (mAh),Batareyanın növü,Ekran tipi,Ekran ölçüsü,Ekran imkanları,Əməliyyat sistemi,Prosessor tipi (Chipset),Prosessor tezliyi (CPU),Qrafik prosessor (GPU),Nüvə sayı,Əsas kamera,Ön kamera,Operativ yaddaş (RAM),Daxili yaddaş,Yaddaş kartı dəstəyi,Ölçülər (H x E x Q),Çəki,Əlavə xüsusiyyətlər,link,USB,2GSIM-kart növü,Özəlliklər,SİM-kart ölçüsü,"Batareya tutumu, mAs",Operativ yaddaş,"Ölçülər (H x Q x D, mm)",LTE,Barmaq izi skaneri arxasında yerləşirUSB,"LTE, 4G",Barmaq izi skaneri arxa hissəsində yerləşirUSB,Barmaq izi skaneri ekranın üzərində yerləşirUSB,Sürətli şarj,Əməliyyat sistem,5G,Barmaq izi skaneri yan hissəsində yerləşirUSB,5G ,Ölçülər,"Barmaq izi skaneri ekranın üzərində yerləşirFace IDSu, Toz davamlığıUSB"
0,Nokia 106 Grey,55," Mini-SIM, dual stand-by", 2, 800, Removable Li-Ion," TFT, 65K colors"," 1.8 inches, 10.0 cm2 (~18.2% screen-to-body ratio)"," 160 x 120 pixels, 4", -, -, -, -, -, -, -, 4 MB, 4 MB, -, 111.2 x 49.5 x 14.4 mm, 70 g,['FM Radio'],https://irshad.az/az/mehsullar/nokia-106-grey/,,,,,,,,,,,,,,,,,,,
1,Nokia 105 DualSim Black,56," Mini-SIM, dual stand-by", 2, 800, Removable Li-Ion," TFT, 65K colors"," 1.77 inches, 9.7 cm2 (~16.6% screen-to-body ratio)"," 120 x 160 pixels, 4", -, -, -, -, -, -, -, 4 MB, 4 MB, -, 119 x 49.2 x 14.4 mm, 73 g,"['2G', 'FM Radio']",https://irshad.az/az/mehsullar/nokia-105-dualsim-black/,,,,,,,,,,,,,,,,,,,
2,Nokia 130 Black,59, Dual SIM (Mini-SIM), 2, 1020, Removable Li-Ion," TFT, 65K colors"," 1.8 inches, 10.0 cm2 (~18.6% screen-to-body ratio)"," 120 x 160 pixels, 4", -, -, -, -, -, -, -, 4 MB RAM, 8 MB," microSD, up to 32 GB (dedicated slot)", 111.5 x 48.4 x 14.2 mm,,"['2G', '']",https://irshad.az/az/mehsullar/nokia-130-black/,,,,,,,,,,,,,,,,,,,
3,Nokia 110 Black,62," Mini-SIM, dual stand-by", 2, 800, Removable Li-Ion," TFT, 65K colors"," 1.77 inches, 9.7 cm2 (~16.9% screen-to-body ratio)"," 160 x 120 pixels, 4", -, -, -, -, -, -, -, -, 4 MB, microSDHC, 115.2 x 49.9 x 14.3 mm, 75 g,['FM Radio'],https://irshad.az/az/mehsullar/nokia-110-black/, microUSB 2.0,,,,,,,,,,,,,,,,,,
4,Nokia 125 Black,75, Dual SIM (Mini-SIM), 2, 1020, Removable Li-Ion, TFT," 2.4 inches, 17.8 cm2 (~26.8% screen-to-body ratio)"," 240 x 320 pixels, 4",,,,,,,, 4 MB, 4 MB, -, 132 x 50.5 x 15 mm, 91.3 g,"['2G', '', '', '', 'FM Radio', 'Fənər']",https://irshad.az/az/mehsullar/nokia-125-black/, microUSB 2.0,,,,,,,,,,,,,,,,,,
5,Nokia 150 Black,79,,, 1020Batareyanın növü,," TFT, 65K colorsEkran ölçüsü",,, -Prosessor tipi (Chipset),,,,, VGAÖn kamera,, -Daxili yaddaş,,, 118 x 50.2 x 13.5 mmÇəki,,[],https://irshad.az/az/mehsullar/nokia-150-black/,," Dual SIM (Mini-SIM, dual stand-by)SIM-kart sayı",,,,,,,,,,,,,,,,,
6,Nokia 210 Black,83," Mini-SIM, dual stand-by", 2, 1020, Removable Li-Ion," TFT, 65K colors"," 2.4 inches, 17.8 cm2"," 320 x 240 pixels, 4", -, -, -, -, -, -, -, -, 16 MB, microSDHC , 120.8 x 53.5 x 13.8 mm, 82 g,['FM Radio'],https://irshad.az/az/mehsullar/nokia-210-black/, microUSB 2.0,,,,,,,,,,,,,,,,,,
7,Nokia 216 Black,89,,, 1020Batareyanın növü,, TFTEkran ölçüsü,,, -Prosessor tipi (Chipset),,,,, 240p@15fps,, 16 MB Daxili yaddaş,,, 118 x 50.2 x 13.5 mmÇəki,,[],https://irshad.az/az/mehsullar/nokia-216-black/,," Dual SIM (Mini-SIM, dual stand-by)SIM-kart sayı",,,,,,,,,,,,,,,,,
8,Nokia 150 (2020) Black,89," Dual SIM (Mini-SIM, dual stand-by)", 2, 1020, Removable Li-Ion," TFT, 65K colors"," 2.4 inches, 17.8 cm2 (~26.8% screen-to-body ratio)"," 240 x 320 pixels, 4", -, -, -, -, -, VGA, -, -, 4 MB, microSD (xüsusi yuva), 132 x 50.5 x 15 mm, 90.5 g,"['2G', 'FM Radio', 'Fənər']",https://irshad.az/az/mehsullar/nokia-150-2020-black/, microUSB 2.0,, LED flash,,,,,,,,,,,,,,,,
9,Nokia 215 4G Black,95," Dual SIM (Mini-SIM, dual stand-by)", 2, 1150, Removable Li-Ion," TFT, 256K colors"," 2.4 inches, 17.8 cm2 (~28.0% screen-to-body ratio)"," 240 x 320 pixels, 4", -, Unisoc UMS9117, -, -, -, -, -, 64 MB, 128 MB, microSD (xüsusi yuva), 124.7 x 51 x 13.7 mm, 90 g,"['LTE, 4G', 'FM Radio', 'Fənər']",https://irshad.az/az/mehsullar/nokia-215-4g-black/, microUSB 2.0,,,,,,,,,,,,,,,,,,
10,Nokia 5310 Black/Red,115," Dual SIM (Micro-SIM, dual stand-by)", 2, 1200, Removable Li-Ion, TFT," 2.4 inches, 17.8 cm2 (~27.5% screen-to-body ratio)"," 240 x 320 pixels, 4", -, Mediatek MT6260A, -, -, -, -, -, 8 MB, 32 MB," microSD, up to 32 GB (dedicated slot)", 123.7 x 52.4 x 13.1 mm,,"['2G', 'FM Radio', 'Fənər']",https://irshad.az/az/mehsullar/nokia-5310-black-red/, microUSB 1.1,, LED flash,,,,,,,,,,,,,,,,
11,Nokia 225 4G Black,119," Dual SIM (Mini-SIM, dual stand-by)", 2, 1150, Removable Li-Ion," TFT, 256K colors"," 2.4 inches, 17.8 cm2 (~28.0% screen-to-body ratio)"," 240 x 320 pixels, 4", -, Unisoc UMS9117, -, -, -, VGA, -, 64 MB, 128 MB, microSD (xüsusi yuva), 124.7 x 51 x 13.7 mm, 90 g,"['LTE, 4G', 'FM Radio', 'Fənər']",https://irshad.az/az/mehsullar/nokia-225-black/, microUSB 2.0,, LED flash,,,,,,,,,,,,,,,,
12,Nokia 230 Black,129,,,,,, 2.8Ekran imkanları,,,,,,," 2 MP, LEDFrontal kamera",,,,,,,[],https://irshad.az/az/mehsullar/nokia-230-black/,,,, Mini-SIMSIM-kart sayı, Li-Ion 1200Dəyişdirilən batareya, 16 MB, 124.6 x 53.4 x 10.9Çəki (q.),,,,,,,,,,,,
13,Nokia 3310 (2017) Dark Blue,149,,, 1200Batareyanın növü,, TFTEkran ölçüsü,,, -Prosessor tipi (Chipset),,,,, 240p@8fps,, -Daxili yaddaş,,, 115.6 x 51 x 12.8 mm,,[],https://irshad.az/az/mehsullar/nokia-3310-2017-dark-blue/,," Dual SIM (Micro-SIM, dual stand-by)SIM-kart sayı",,,,,,,,,,,,,,,,,
14,Nokia 6300 4G Charocal,179," Dual SIM (Mini-SIM, dual stand-by)", 2, 1500, Removable Li-Ion," TFT, 16M colors"," 2.4 inches, 17.8 cm2 (~25.6% screen-to-body ratio)"," 240 x 320 pixels, 4", KaiOS, Qualcomm QC8909 Snapdragon 210 (28 nm), Quad-core 1.1 GHz Cortex-A7, Adreno 304, -, -, -, 512 MB, 4 GB, microSDHC, 131.4 x 53 x 13.7 mm, 105 g,"['LTE, 4G', 'FM Radio', 'Fənər']",https://irshad.az/az/mehsullar/nokia-6300-4g-charocal/, microUSB 2.0,, LED flash,,,,,,,,,,,,,,,,
15,Nokia 1 Plus Black,189," Dual SIM (Nano-SIM, dual stand-by)", 2, 2500, Non-removable Li-Ion," IPS LCD capacitive touchscreen, 16M colors"," 5.45 inches, 76.7 cm2 (~75.1% screen-to-body ratio)"," 960 x 480 pixels, 18", Android 9.0 Pie (Go edition), Mediatek MT6739WW (28 nm), Quad-core 1.5 GHz Cortex-A53, PowerVR GE8100, 4, 720p@30fps, 720p, 1 GB, 8 GB, microSDXC, 145 x 70.4 x 8.6 mm, 138 g ,"['Ön şüşə, arxa/çərçivə plastik', 'FM Radio']",https://irshad.az/az/mehsullar/nokia-1-plus-black/, MicroUSB 2.0,,,,,,, Var,,,,,,,,,,,
16,Samsung Galaxy A01 Core (SM-A013) Black,199,,, 3000Batareyanın növü,," PLS TFT capacitive touchscreen, 16M colorsEkran ölçüsü",,, Android 10 (Go edition)Prosessor tipi (Chipset),,,,, 1080p@30fps,, 1 GBDaxili yaddaş,,, 141.7 x 67.5 x 8.6 mmÇəki,,[],https://irshad.az/az/mehsullar/samsung-galaxy-a01-core-sm-a013-black/, microUSB 2.0,,,,,,, VarSIM-kart növü,,,,,,,,,,,
17,Nokia 2720 Black,225," Dual SIM (Nano-SIM, dual stand-by)", 2, 1500, Non-removable Li-Ion," TFT, 256K colors"," 2.8 inches, 24.3 cm2 (~23.1% screen-to-body ratio)"," 240 x 320 pixels, 4", KaiOS, Qualcomm MSM8905 Snapdragon 205 (28 nm), Dual-core (2x1.1 GHz Cortex-A7), Adreno 304, 2, Var, -, 512 MB, 4 GB, microSDXC (maximum 32 GB),"  Açılmış 192.7 x 54.5 x 11.6 mm, Qatlanmış 104.8x54.5x18.7 mm", 118 g ,"['Ön şüşə, arxa və çərçivə plastik', 'FM Radio', 'Fənər', 'GPS']",https://irshad.az/az/mehsullar/nokia-2720-black/, microUSB 2.0,, LED Flash,,,,, Var,,,,,,,,,,,
18,Samsung Galaxy A02 (SM-A022) Black,239," Dual SIM (Nano-SIM, dual stand-by)", 2, 5000, Non-removable Li-Po, PLS IPS," 6.5 inches, 102.0 cm2 (~81.9% screen-to-body ratio)"," 720 x 1600 pixels, 20"," Android 10, One UI 2.0", Mediatek MT6739W (28 nm), Quad-core 1.5 GHz Cortex-A53, PowerVR GE8100, 8, 1080p@30fps," 5 MP, f/2.0", 2 GB, 32 GB, microSDXC (xüsusi yuva), 164 x 75.9 x 9.1 mm, 206 g,"['2 MP, f/2.4, (macro)', 'Ön şüşə, çərçivə və arxa plastik', 'USB microUSB 2.0']",https://irshad.az/az/mehsullar/samsung-galaxy-a02-sm-a022-black/,,, LED flash,,,,, Var,,,,,,,,,,,
19,Samsung Galaxy A10s (SM-A107) Dark Red,269," Dual SIM (Nano-SIM, dual stand-by)", 2, 4000, Non-removable Li-Ion," IPS LCD capacitive touchscreen, 16M colors"," 6.2 inches, 95.9 cm2 (~80.7% screen-to-body ratio)"," 720 x 1520 pixels, 19", Android 9.0 (Pie), Mediatek MT6762 Helio P22 (12 nm), Octa-core 2.0 GHz Cortex-A53, PowerVR GE8320, 8, 1080p@30fps," 8 MP, f/2.0", 2 GB, 32 GB," microSD, up to 512 GB (dedicated slot)", 156.9 x 75.8 x 7.8 mm, 168 g,"['Barmaq izi skaneri arxasında yerləşir', 'Ön şüşə, çərçivə / arxa plastik']",https://irshad.az/az/mehsullar/samsung-galaxy-a10s-sm-a107-red/, microUSB 2.0,," LED flash, panorama, HDR",,,,, Var,,,,,,,,,,,
20,Samsung Galaxy A02s (SM-A025) Black,289," Dual SIM (Nano-SIM, dual stand-by)", 2, 5000, Non-removable Li-Po, PLS IPS," 6.5 inches, 102.0 cm2 (~81.8% screen-to-body ratio)"," 720 x 1600 pixels, 20", Android 10, Qualcomm SDM450 Snapdragon 450 (14 nm), Octa-core 1.8 GHz Cortex-A53, Adreno 506, 8, 1080p@30fps," 5 MP, f/2.2", 3 GB, 32 GB, microSDXC (xüsusi yuva), 164.2 x 75.9 x 9.1 mm, 196 g,"['Sürətli şarj 15W', '2 MP, f/2.4, (macro)', '2 MP, f/2.4, (depth)', 'Ön şüşə, çərçivə və arxa plastik', 'USB Type-C 2.0']",https://irshad.az/az/mehsullar/samsung-galaxy-a02s-sm-a025-black/,,, LED flash,,,,, Var,,,,,,,,,,,
21,Samsung Galaxy A12 32GB (SM-A125) Black,329," Dual SIM (Nano-SIM, dual stand-by)", 2, 5000, Non-removable Li-Po, PLS IPS," 6.5 inches, 106.7 cm2 (~85.8% screen-to-body ratio)"," 720 x 1600 pixels, 20", Android 10, Mediatek MT6765 Helio P35 (12nm), Octa-core (4x2.35 GHz Cortex-A53 & 4x1.8 GHz Cortex-A53), PowerVR GE8320, 8, 1080p@30fps, 1080p@30fps, 3 GB, 32 GB, microSDXC (xüsusi yuva), 164 x 75.8 x 8.9 mm, 205 g,"['Sürətli şarj 15W', '5 MP, f/2.2, 123˚ (ultrawide)', '2 MP, f/2.4, (macro)', '2 MP, f/2.4, (depth)', 'Ön şüşə, çərçivə / arxa plastik', 'Barmaq izi skaneri yan hissəsində yerləşir', 'NFC']",https://irshad.az/az/mehsullar/samsung-galaxy-a12-sm-a125-black/, Type-C 2.0,," LED flash, panorama, HDR",,,,, Var,,,,,,,,,,,
22,Nokia 5.1 Plus Black,349, Hybrid Dual SIM , 2, 3060, Non-removable Li-Ion," IPS LCD capacitive touchscreen, 16M colors"," 5.86 inches, 85.7 cm2 (~79.6% screen-to-body ratio)"," 1520 x 720 pixels, 19", Android 9.0, Mediatek MT6771 Helio P60 (12 nm), Octa-core (4x1.8 GHz Cortex-A73 & 4x1.8 GHz Cortex-A53), Mali-G72 MP3, 8, 1080p@30fps, 1080p@30fps, 3 GB, 32 GB, microSDXC (SİM yuvasından istifadə edilir), 149.5 x 72 x 8.1 mm, 160 g ,"['Ön/arxa şüşə, plastik çərçivə', 'Barmaq izi skaneri arxa hissəsində yerləşir', 'FM Radio']",https://irshad.az/az/mehsullar/nokia-5.1-plus-black/, Type-C,,,,,,, Var,,,,,,,,,,,
23,Xiaomi Redmi 9 32GB Grey,349," Dual SIM (Nano-SIM, dual stand-by)", 2, 5020, Non-removable Li-Po," IPS LCD capacitive touchscreen, 16M colors"," 6.53 inches, 104.7 cm2 (~83.2% screen-to-body ratio)"," 1080 x 2340 pixels, 19.5"," Android 10, MIUI 12", Mediatek Helio G80 (12 nm), Octa-core (2x2.0 GHz Cortex-A75 & 6x1.8 GHz Cortex-A55), Mali-G52 MC2, 8, 1080p@30fps, 1080p@30fps, 3 GB, 32 GB, microSDXC (xüsusi yuva), 163.3 x 77 x 9.1 mm, 198 g,"['Sürətli şarj 18W', 'Ön şüşə, arxa/çərçivə plastik', 'Barmaq izi skaneri arxasında yerləşir']",https://irshad.az/az/mehsullar/xiaomi-redmi-9-32gb-grey/, Type-C,, HDR,,,,, Var,,,,,,,,,,,
24,Honor 8A Prime 64 GB Black,369,,, 3020Batareyanın növü,," LCD capacitive touchscreen, 16M colorsEkran ölçüsü",,," Android 9.0 (Pie), EMUI 9Prosessor tipi (Chipset)",,,,, 1080p@30fpsÖn kamera,, 3 GBDaxili yaddaş,,, 156.3 x 73.5 x 8.2 mmÇəki,,['NFC'],https://irshad.az/az/mehsullar/honor-8a-prime-64-gb-black/, microUSB 2.0,,,,,,, VarSIM-kart növü,,,,,,,,,,,
25,Honor 10 Lite 64 GB Black,379,,, 3400Batareyanın növü,," IPS LCD capacitive touchscreen, 16M colorsEkran ölçüsü",,, Android 9.0 (Pie)Prosessor tipi (Chipset),,,,, 1080p@30/60fpsÖn kamera,, 3 GBDaxili yaddaş,,, 154.8 x 73.6 x 8 mmÇəki,,[],https://irshad.az/az/mehsullar/honor-10-lite-64-gb-black-1/,,,,,,,, VarSIM-kart növü, microUSB 2.0NFC,,,,,,,,,,
26,Nokia 3.4 64GB Grey,379," Dual SIM (Nano-SIM, dual stand-by)", 2, 4000, Non-removable Li-Po," IPS LCD capacitive touchscreen, 16M colors"," 6.39 inches, 100.2 cm2 (~81.9% screen-to-body ratio)"," 720 x 1560 pixels, 19.5", Android 10, Qualcomm SM4250 Snapdragon 460 (11 nm), Octa-core (4x1.8 GHz Cortex-A73 & 4x1.8 GHz Cortex-A53), Adreno 610, 8, 1080p@30fps, 1080p@30fps, 4 GB, 64 GB, microSDXC (xüsusi yuva), 161 x 76 x 8.7 mm, 180 g ,"['5 MP, (ultrawide)', '2 MP, (depth)', 'Ön şüşə, plastik korpus', 'Barmaq izi skaneri arxa hissəsində yerləşir', 'USB Type-C 2.0', 'FM Radio']",https://irshad.az/az/mehsullar/nokia-3.4-64gb-grey/,,,,,,,,,, Var,,,,,,,,,
27,Xiaomi Redmi 9 64GB Grey,379," Dual SIM (Nano-SIM, dual stand-by)", 2, 5020, Non-removable Li-Po," IPS LCD capacitive touchscreen, 16M colors"," 6.53 inches, 104.7 cm2 (~83.2% screen-to-body ratio)"," 1080 x 2340 pixels, 19.5"," Android 10, MIUI 12", Mediatek Helio G80 (12 nm), Octa-core (2x2.0 GHz Cortex-A75 & 6x1.8 GHz Cortex-A55), Mali-G52 MC2, 8, 1080p@30fps, 1080p@30fps, 4 GB, 64 GB, microSDXC (xüsusi yuva), 163.3 x 77 x 9.1 mm, 198 g,"['Sürətli şarj 18W', 'Ön şüşə, arxa/çərçivə plastik', 'Barmaq izi skaneri arxasında yerləşir']",https://irshad.az/az/mehsullar/xiaomi-redmi-9-64gb-grey/, Type-C,, HDR,,,,, Var,,,,,,,,,,,
28,Samsung Galaxy A12 64GB (SM-A125) Black,389," Dual SIM (Nano-SIM, dual stand-by)", 2, 5000, Non-removable Li-Po, PLS IPS," 6.5 inches, 106.7 cm2 (~85.8% screen-to-body ratio)"," 720 x 1600 pixels, 20", Android 10, Mediatek MT6765 Helio P35 (12nm), Octa-core (4x2.35 GHz Cortex-A53 & 4x1.8 GHz Cortex-A53), PowerVR GE8320, 8, 1080p@30fps, 1080p@30fps, 4 GB, 64 GB, microSDXC (xüsusi yuva), 164 x 75.8 x 8.9 mm, 205 g,"['Sürətli şarj 15W', '5 MP, f/2.2, 123˚ (ultrawide)', '2 MP, f/2.4, (macro)', '2 MP, f/2.4, (depth)', 'Ön şüşə, çərçivə / arxa plastik', 'Barmaq izi skaneri yan hissəsində yerləşir', 'NFC']",https://irshad.az/az/mehsullar/samsung-galaxy-a12-64gb-sm-a125-black/, Type-C 2.0,," LED flash, panorama, HDR",,,,, Var,,,,,,,,,,,
29,Samsung Galaxy A21s 32 GB (SM-A217) Blue,389," Dual SIM (Nano-SIM, dual stand-by)", 2, 5000, Non-removable Li-Po," PLS TFT capacitive touchscreen, 16M colors"," 6.5 inches, 102.0 cm2 (~82.8% screen-to-body ratio)"," 720 x 1600 pixels, 20"," Android 10, One UI 2.0", Exynos 850 (8nm), Octa-core (4x2.0 GHz Cortex-A55 & 4x2.0 GHz Cortex-A55), Mali-G52, 8, 1080p@30fps, 1080p@30fps, 3 GB, 32 GB, microSDXC (xüsusi yuva), 163.7 x 75.3 x 8.9 mm, 192 g,"['Sürətli şarj 15W', 'Ön şüşə, çərçivə / arxa plastik', 'Barmaq izi skaneri arxasında yerləşir', 'NFC']",https://irshad.az/az/mehsullar/samsung-galaxy-a21s-32-gb-sm-a217-blue/, Type-C,," LED flash, panorama, HDR",,,,, Var,,,,,,,,,,,
30,Xiaomi Redmi 9T 64GB Grey,399," Dual SIM (Nano-SIM, dual stand-by)", 2, 6000, Non-removable Li-Po," IPS LCD, 400 nits"," 6.53 inches, 104.7 cm2 (~83.4% screen-to-body ratio)"," 1080 x 2340 pixels, 19.5"," Android 10, MIUI 12", Qualcomm SM6115 Snapdragon 662 (11 nm), Octa-core (4x2.0 GHz Kryo 260 Gold & 4x1.8 GHz Kryo 260 Silver), Adreno 610, 8, 1080p@30fps, 1080p@30fps, 4 GB, 64 GB, microSDXC (xüsusi yuva), 162.3 x 77.3 x 9.6 mm, 198 g,"['Sürətli şarj 18W', '8 MP, f/2.2, 120˚ (ultrawide), 1/4.0"", 1.12µm', '2 MP, f/2.4, (macro)', '2 MP, f/2.4, (depth)', 'Ön şüşə, arxa/çərçivə plastik', 'Barmaq izi skaneri yan hissəsində yerləşir']",https://irshad.az/az/mehsullar/xiaomi-redmi-9t-64gb-grey/," Type-C 2.0, USB On-The-Go",, -,,,,, Var,,,,,,,,,,,
31,Xiaomi Poco M3 64GB Black,409," Dual SIM (Nano-SIM, dual stand-by)", 2, 6000, Non-removable Li-Po," IPS LCD, 400 nits"," 6.53 inches, 104.7 cm2 (~83.4% screen-to-body ratio)"," 1080 x 2340 pixels, 19.5"," Android 10, MIUI 12", Qualcomm SM6115 Snapdragon 662 (11 nm), Octa-core (4x2.0 GHz Kryo 260 Gold & 4x1.8 GHz Kryo 260 Silver), Adreno 610, 8, 1080p@30fps, 1080p@30fps, 4 GB, 64 GB, microSDXC (xüsusi yuva), 162.3 x 77.3 x 9.6 mm, 198 g,"['Sürətli şarj 18W', '2 MP, f/2.4, (macro)', '2 MP, f/2.4, (depth) ', 'Ön şüşə, çərçivə/arxa plastik', 'Barmaq izi skaneri yan hissəsində yerləşir']",https://irshad.az/az/mehsullar/xiaomi-poco-m3-64gb-black/," Type-C 2.0, USB On-The-Go",, Panorama,,,,, Var,,,,,,,,,,,
32,Oppo A31 64GB Black,429," Dual SIM (Nano-SIM, dual stand-by)", 2, 4230, Non-removable Li-Po," IPS LCD capacitive touchscreen, 16M colors"," 6.5 inches, 102.0 cm2 (~82.4% screen-to-body ratio)"," 720 x 1600 pixels, 20"," Android 9.0 (Pie), ColorOS 6.1", Mediatek MT6765V/CB Helio P35 (12nm), Octa-core (4x2.3 GHz Cortex-A53 & 4x1.8 GHz Cortex-A53), PowerVR GE8320, 8, 1080p@30fps, 1080p@30fps, 4 GB, 64 GB, microSDXC (xüsusi yuva), 163.9 x 75.5 x 8.3 mm, 180 g,"['Ön şüşə, plastik arxa, alüminium çərçivə', 'Barmaq izi skaneri arxasında yerləşir']",https://irshad.az/az/mehsullar/oppo-a31-64gb-black/," microUSB 2.0, USB On-The-Go",, HDR,,,,, Var,,,,,,,,,,,
33,Xiaomi Redmi Note 8 64GB Blue,429," Dual SIM (Nano-SIM, dual stand-by)", 2, 4000, Non-removable Li-Po," IPS LCD capacitive touchscreen, 16M colors"," 6.3 inches, 97.4 cm2 (~81.4% screen-to-body ratio)"," 1080 x 2340 pixels, FHD+, 19.5", Android 9.0 (Pie); MIUI 10, Qualcomm SDM665 Snapdragon 665 (11 nm), Octa-core (4x2.0 GHz Kryo 260 Gold & 4x1.8 GHz Kryo 260 Silver), Adreno 512, 8," 2160p@30fps, 1080p@30/60/120fps, 720p@960fps, gyro-EIS", 1080p@30fps, 4 GB, 64 GB," microSD, up to 256 GB", 158.3 x 75.3 x 8.4 mm, 190 g,"['Sürətli şarj 18W', 'Ön/arxa şüşə, çərçivə plastik', 'Barmaq izi skaneri arxasında yerləşir']",https://irshad.az/az/mehsullar/xiaomi-redmi-note-8-64gb-blue/, Type-C,," HDR, panorama",,,,, Var,,,,,,,,,,,
34,Xiaomi Redmi Note 9 64GB Grey,429," Dual SIM (Nano-SIM, dual stand-by)", 2, 5020, Non-removable Li-Po," IPS LCD capacitive touchscreen, 16M colors"," 6.53 inches, 104.7 cm2 (~83.5% screen-to-body ratio)"," 1080 x 2340 pixels, 19.5", Android 10; MIUI 11, MediaTek Helio G85 (12nm), Octa-core (2x2.0 GHz Cortex-A75 & 6x1.8 GHz Cortex-A55), Mali-G52 MC2, 8, 1080p@30fps, 1080p@30fps, 3 GB, 64 GB, microSDXC (xüsusi yuva), 162.3 x 77.2 x 8.9 mm, 199 g,"['Sürətli şarj 18W', 'Ön/arxa şüşə, çərçivə plastik', 'Barmaq izi skaneri arxa hissəsində yerləşir']",https://irshad.az/az/mehsullar/xiaomi-redmi-note-9-64gb-grey/, Type-C,," HDR, panorama",,,,, Var,,,,,,,,,,,
35,Honor 10i Black,449,,, 3400 Batareyanın növü,," LTPS IPS LCD capacitive touchscreen, 16M colorsEkran ölçüsü",,, Android 9.0 (Pie); EMUI 9Prosessor tipi (Chipset),,,,, 1080p@30/60fpsÖn kamera,, 4 GBDaxili yaddaş,,, 154.8 x 73.64 x 7.95 mmÇəki,,[],https://irshad.az/az/mehsullar/honor-10i-black/,,,,,,,, VarSIM-kart növü, microUSB 2.0NFC,,,,,,,,,,
36,Xiaomi Redmi 9T 128GB Grey,449," Dual SIM (Nano-SIM, dual stand-by)", 2, 6000, Non-removable Li-Po," IPS LCD, 400 nits"," 6.53 inches, 104.7 cm2 (~83.4% screen-to-body ratio)"," 1080 x 2340 pixels, 19.5"," Android 10, MIUI 12", Qualcomm SM6115 Snapdragon 662 (11 nm), Octa-core (4x2.0 GHz Kryo 260 Gold & 4x1.8 GHz Kryo 260 Silver), Adreno 610, 8, 1080p@30fps, 1080p@30fps, 4 GB, 128 GB, microSDXC (xüsusi yuva), 162.3 x 77.3 x 9.6 mm, 198 g,"['Sürətli şarj 18W', '8 MP, f/2.2, 120˚ (ultrawide), 1/4.0"", 1.12µm', '2 MP, f/2.4, (macro)', '2 MP, f/2.4, (depth)', 'Ön şüşə, arxa/çərçivə plastik', 'Barmaq izi skaneri yan hissəsində yerləşir']",https://irshad.az/az/mehsullar/xiaomi-redmi-9t-128gb-grey/," Type-C 2.0, USB On-The-Go",, -,,,,, Var,,,,,,,,,,,
37,Samsung Galaxy A21s 64 GB (SM-A217) Blue,459," Dual SIM (Nano-SIM, dual stand-by)", 2, 5000, Non-removable Li-Po," PLS TFT capacitive touchscreen, 16M colors"," 6.5 inches, 102.0 cm2 (~82.8% screen-to-body ratio)"," 720 x 1600 pixels, 20"," Android 10, One UI 2.0", Exynos 850 (8nm), Octa-core (4x2.0 GHz Cortex-A55 & 4x2.0 GHz Cortex-A55), Mali-G52, 8, 1080p@30fps, 1080p@30fps, 4 GB, 64 GB, microSDXC (xüsusi yuva), 163.7 x 75.3 x 8.9 mm, 192 g,"['Sürətli şarj 15W', 'Ön şüşə, çərçivə / arxa plastik', 'Barmaq izi skaneri arxasında yerləşir', 'NFC']",https://irshad.az/az/mehsullar/samsung-galaxy-a21s-64-gb-sm-a217-blue/, Type-C,," LED flash, panorama, HDR",,,,, Var,,,,,,,,,,,
38,Xiaomi Poco M3 128GB Black,469," Dual SIM (Nano-SIM, dual stand-by)", 2, 6000, Non-removable Li-Po," IPS LCD, 400 nits"," 6.53 inches, 104.7 cm2 (~83.4% screen-to-body ratio)"," 1080 x 2340 pixels, 19.5"," Android 10, MIUI 12", Qualcomm SM6115 Snapdragon 662 (11 nm), Octa-core (4x2.0 GHz Kryo 260 Gold & 4x1.8 GHz Kryo 260 Silver), Adreno 610, 8, 1080p@30fps, 1080p@30fps, 4 GB, 128 GB, microSDXC (xüsusi yuva), 162.3 x 77.3 x 9.6 mm, 198 g,"['Sürətli şarj 18W', '2 MP, f/2.4, (macro)', '2 MP, f/2.4, (depth) ', 'Ön şüşə, çərçivə/arxa plastik', 'Barmaq izi skaneri yan hissəsində yerləşir']",https://irshad.az/az/mehsullar/xiaomi-poco-m3-128gb-black/," Type-C 2.0, USB On-The-Go",, Panorama,,,,, Var,,,,,,,,,,,
39,Oppo A31 128GB Green,479," Dual SIM (Nano-SIM, dual stand-by)", 2, 4230, Non-removable Li-Po," IPS LCD capacitive touchscreen, 16M colors"," 6.5 inches, 102.0 cm2 (~82.4% screen-to-body ratio)"," 720 x 1600 pixels, 20"," Android 9.0 (Pie), ColorOS 6.1", Mediatek MT6765V/CB Helio P35 (12nm), Octa-core (4x2.3 GHz Cortex-A53 & 4x1.8 GHz Cortex-A53), PowerVR GE8320, 8, 1080p@30fps, 1080p@30fps, 4 GB, 128 GB, microSDXC (xüsusi yuva), 163.9 x 75.5 x 8.3 mm, 180 g,"['Ön şüşə, plastik arxa, alüminium çərçivə', 'Barmaq izi skaneri arxasında yerləşir']",https://irshad.az/az/mehsullar/oppo-a31-128gb-green/," microUSB 2.0, USB On-The-Go",, HDR,,,,, Var,,,,,,,,,,,
40,Xiaomi Redmi Note 9 128GB Grey,479," Dual SIM (Nano-SIM, dual stand-by)", 2, 5020, Non-removable Li-Po," IPS LCD capacitive touchscreen, 16M colors"," 6.53 inches, 104.7 cm2 (~83.5% screen-to-body ratio)"," 1080 x 2340 pixels, 19.5", Android 10; MIUI 11, MediaTek Helio G85 (12nm), Octa-core (2x2.0 GHz Cortex-A75 & 6x1.8 GHz Cortex-A55), Mali-G52 MC2, 8, 1080p@30fps, 1080p@30fps, 4 GB, 128 GB, microSDXC (xüsusi yuva), 162.3 x 77.2 x 8.9 mm, 199 g,"['Sürətli şarj 18W', 'Ön/arxa şüşə, çərçivə plastik', 'Barmaq izi skaneri arxa hissəsində yerləşir']",https://irshad.az/az/mehsullar/xiaomi-redmi-note-9-128gb-grey/, Type-C,," HDR, panorama",,,,, Var,,,,,,,,,,,
41,Honor 9x Lite 128 GB Green,499,,, 3750Batareyanın növü,," IPS LCD capacitive touchscreen, 16M colorsEkran ölçüsü",,," Android 9.0 (Pie), EMUI 9.1Prosessor tipi (Chipset)",,,,, 1080p@30/60fpsÖn kamera,, 4 GBDaxili yaddaş,,, 160.4 x 76.6 x 7.8 mmÇəki,,[],https://irshad.az/az/mehsullar/honor-9x-lite-128-gb-green/,,,,,,,, VarSIM-kart növü,,," 2.0, Type-C 1.0 reversible connectorNFC",,,,,,,,
42,Xiaomi Redmi Note 9S 64GB Grey,509," Dual SIM (Nano-SIM, dual stand-by)", 2, 5020, Non-removable Li-Po," IPS LCD capacitive touchscreen, 16M colors"," 6.67 inches, 107.4 cm2 (~84.5% screen-to-body ratio)"," 1080 x 2400 pixels, 20", Android 10; MIUI 11, Qualcomm SM7125 Snapdragon 720G (8 nm), Octa-core (2x2.3 GHz Kryo 465 Gold & 6x1.8 GHz Kryo 465 Silver), Adreno 618, 8," 2160p@30fps, 1080p@30/60/120fps, 720p@960fps, gyro-EIS", 1080p@30fps, 4 GB, 64 GB, microSDXC (xüsusi yuva), 165.8 x 76.7 x 8.8 mm, 209 g,"['Sürətli şarj 18W', 'Ön/arxa şüşə, çərçivə plastik', 'Barmaq izi skaneri yan hissəsində yerləşir']",https://irshad.az/az/mehsullar/xiaomi-redmi-note-9s-64gb-grey/, Type-C,," HDR, panorama",,,,, Var,,,,,,,,,,,
43,Samsung Galaxy A31 64 GB (SM-A315) Black,519,,, 5000Batareyanın növü,," Super AMOLED capacitive touchscreen, 16M colorsEkran ölçüsü",,," Android 10, One UI 2.0Prosessor tipi (Chipset)",,,,, 1080p@30fpsÖn kamera,, 4 GBDaxili yaddaş,,, 159.3 x 73.1 x 8.6 mmÇəki,,[],https://irshad.az/az/mehsullar/samsung-galaxy-a31-64-gb-sm-a315-black/,,,,,,,, VarSIM-kart növü,,,," 2.0, Type-C 1.0 reversible connector, USB On-The-GoNFC",,,,,,,
44,Honor 9x 4 GB / 128 GB Black,549," Hybrid Dual SIM (Nano-SIM, dual stand-by)", 2, 4000, Non-removable Li-Po," LTPS IPS LCD capacitive touchscreen, 16M colors"," 6.59 inches, 106.6 cm2 (~84.3% screen-to-body ratio)"," 1080 x 2340 pixels, 19.5", Android 9.0 (Pie), HiSilicon Kirin 710F (12 nm), Octa-core (4x2.2 GHz Cortex-A73 & 4x1.7 GHz Cortex-A53), Mali-G51 MP4, 8, 1080p@30fps, 1080p@60fps, 4 GB, 128 GB," microSD, up to 512 GB (uses shared SIM slot)", 163.5 x 77.3 x 8.8 mm, 197 g,"['Ön / arxa şüşə, alüminium çərçivə', 'Barmaq izi skaneri arxa hissəsində yerləşir']",https://irshad.az/az/mehsullar/honor-9x-128-gb-black/," 2.0, Type-C 1.0 reversible connector",," LED flash, panorama, HDR",,,,, Var,,,,,,,,,,,
45,Honor 9x 4 GB / 128 GB Black,549," Hybrid Dual SIM (Nano-SIM, dual stand-by)", 2, 4000, Non-removable Li-Po," LTPS IPS LCD capacitive touchscreen, 16M colors"," 6.59 inches, 106.6 cm2 (~84.3% screen-to-body ratio)"," 1080 x 2340 pixels, 19.5", Android 9.0 (Pie), HiSilicon Kirin 710F (12 nm), Octa-core (4x2.2 GHz Cortex-A73 & 4x1.7 GHz Cortex-A53), Mali-G51 MP4, 8, 1080p@30fps, 1080p@60fps, 4 GB, 128 GB," microSD, up to 512 GB (uses shared SIM slot)", 163.5 x 77.3 x 8.8 mm, 197 g,"['Ön / arxa şüşə, alüminium çərçivə', 'Barmaq izi skaneri arxa hissəsində yerləşir']",https://irshad.az/az/mehsullar/honor-9x-128-gb-black/," 2.0, Type-C 1.0 reversible connector",," LED flash, panorama, HDR",,,,, Var,,,,,,,,,,,
46,Oppo A53 64GB Black,559," Dual SIM (Nano-SIM, dual stand-by)", 2, 5000, Non-removable Li-Po," IPS LCD capacitive touchscreen, 16M colors"," 6.5 inches, 102.0 cm2 (~82.9% screen-to-body ratio)"," 720 x 1600 pixels, 20"," Android 10, ColorOS 7.2", Qualcomm SM4250 Snapdragon 460 (11 nm), Octa-core (4x1.8 GHz Kryo 240 & 4x1.6 GHz Kryo 240), Adreno 610, 8, 1080p@30fps, 1080p@30fps, 4 GB, 64 GB, microSDXC (xüsusi yuva), 163.9 x 75.1 x 8.4 mm, 186 g,"['2 MP, f/2.4, (macro)', '2 MP, f/2.4, (depth)', 'Ön şüşə, plastik arxa, alüminium çərçivə', 'Barmaq izi skaneri arxasında yerləşir', 'USB Type-C 2.0, USB On-The-Go']",https://irshad.az/az/mehsullar/oppo-a53-64gb-black/,,, HDR,,,,, Var,,,,, 18W,,,,,,
47,Samsung Galaxy A31 128 GB (SM-A315) Black,559," Dual SIM (Nano-SIM, dual stand-by)", 2, 5000, Non-removable Li-Po," Super AMOLED capacitive touchscreen, 16M colors"," 6.4 inches, 98.9 cm2 (~84.9% screen-to-body ratio)"," 1080 x 2400 pixels, 20"," Android 10, One UI 2.0", Mediatek MT6768 Helio P65 (12nm), Octa-core (2x2.0 GHz & 6x1.7 GHz), Mali-G52 MC2, 8, 1080p@30fps, 1080p@30fps, 4 GB, 128 GB, microSDXC (dedicated slot), 159.3 x 73.1 x 8.6 mm, 185 g,"['Sürətli şarj 15W', 'Ön şüşə, çərçivə / arxa plastik']",https://irshad.az/az/mehsullar/samsung-galaxy-a31-128-gb-sm-a315-black/,,," LED flash, panorama, HDR",,,,, Var,,,," 2.0, Type-C 1.0 reversible connector, USB On-The-GoNFC",,,,,,,
48,Xiaomi Redmi Note 9S 128GB White,569," Dual SIM (Nano-SIM, dual stand-by)", 2, 5020, Non-removable Li-Po," IPS LCD capacitive touchscreen, 16M colors"," 6.67 inches, 107.4 cm2 (~84.5% screen-to-body ratio)"," 1080 x 2400 pixels, 20", Android 10; MIUI 11, Qualcomm SM7125 Snapdragon 720G (8 nm), Octa-core (2x2.3 GHz Kryo 465 Gold & 6x1.8 GHz Kryo 465 Silver), Adreno 618, 8," 2160p@30fps, 1080p@30/60/120fps, 720p@960fps, gyro-EIS", 1080p@30fps, 6 GB, 128 GB, microSDXC (xüsusi yuva), 165.8 x 76.7 x 8.8 mm, 209 g,"['Sürətli şarj 18W', 'Ön/arxa şüşə, çərçivə plastik', 'Barmaq izi skaneri yan hissəsində yerləşir']",https://irshad.az/az/mehsullar/xiaomi-redmi-note-9s-128gb-white/, Type-C,," HDR, panorama",,,,, Var,,,,,,,,,,,
49,Honor 9x 6 GB / 128 GB Green,579,,, 4000Batareyanın növü,," LTPS IPS LCD capacitive touchscreen, 16M colorsEkran ölçüsü",,, Android 9.0 (Pie)Prosessor tipi (Chipset),,,,, 1080p@30fpsÖn kamera,, 6 GBDaxili yaddaş,,, 163.5 x 77.3 x 8.8 mmÇəki,,[],https://irshad.az/az/mehsullar/honor-9x-6-gb-128-gb-green/,,,,,,,, VarSIM-kart növü,,," 2.0, Type-C 1.0 reversible connector",,,,,,,,
50,Samsung Galaxy A51 64 GB (SM-A515) Black,589,,, 4000Batareyanın növü,," Super AMOLED capacitive touchscreen, 16M colorsEkran ölçüsü",,, Android 10.0; One UI 2Prosessor tipi (Chipset),,,,," 2160p@30fps, 1080p@30/60/120fps; gyro-EISÖn kamera",, 4 GBDaxili yaddaş,,, 158.5 x 73.6 x 7.9 mmÇəki,,[],https://irshad.az/az/mehsullar/samsung-galaxy-a51-64-gb-sm-a515-black/,,,,,,,, VarSIM-kart növü,,,, Type-CNFC,,,,,,,
51,Xiaomi Redmi Note 10 128GB Grey,599," Dual SIM (Nano-SIM, dual stand-by)", 2, 5000, Non-removable Li-Po, Super AMOLED," 6.43 inches, 99.8 cm2 (~83.5% screen-to-body ratio)"," 1080 x 2400 pixels, 20"," Android 11, MIUI 12", Qualcomm SDM678 Snapdragon 678 (11 nm), Octa-core (2x2.2 GHz Kryo 460 Gold & 6x1.7 GHz Kryo 460 Silver), Adreno 612, 8," 4K@30fps, 1080p@30/60/120fps, 720p@960fps", 1080p@30fps, 4 GB, 128 GB, microSDXC (xüsusi yuva), 160.5 x 74.5 x 8.3 mm, 179 g,"['Sürətli şarj 33W, 67% in 30 min, 100% in 74 min', '8 MP, f/2.2, 118˚ (ultrawide), 1/4.0"", 1.12µm', '2 MP, f/2.4, (macro)', '2 MP, f/2.4, (depth)', 'Ön/arxa şüşə, çərçivə plastik', 'Barmaq izi skaneri yan hissəsində yerləşir', 'USB Type-C 2.0']",https://irshad.az/az/mehsullar/xiaomi-redmi-note-10-128gb-grey/,,, HDR,,,,, Var,,,,,,,,,,,
52,Samsung Galaxy A41 (SM-A415) Black,599,,, 3500Batareyanın növü,," Super AMOLED capacitive touchscreen, 16M colorsEkran ölçüsü",,,,,,,, 1080p@30fpsÖn kamera,, 4 GBDaxili yaddaş,,, 149.9 x 69.8 x 7.9 mmÇəki,,[],https://irshad.az/az/mehsullar/samsung-galaxy-a41-sm-a415-black/,,,,,,,, VarSIM-kart növü,,,, Type-CNFC,," Android 10, One UI 2Prosessor tipi (Chipset)",,,,,
53,Xiaomi Redmi Note 9 Pro 128GB Green,649," Dual SIM (Nano-SIM, dual stand-by)", 2, 5020, Non-removable Li-Po," IPS LCD capacitive touchscreen, 16M colors"," 6.67 inches, 107.4 cm2 (~84.5% screen-to-body ratio)"," 1080 x 2400 pixels, 20", Android 10; MIUI 11, Qualcomm SM7125 Snapdragon 720G (8 nm), Octa-core (2x2.3 GHz Kryo 465 Gold & 6x1.8 GHz Kryo 465 Silver), Adreno 618, 8," 4K@30fps, 1080p@30/60/120fps, 720p@960fps", 1080p@30/120fps, 6 GB, 128 GB, microSDXC (xüsusi yuva), 165.8 x 76.7 x 8.8 mm, 209 g,"['Sürətli şarj 30W', 'Ön/arxa şüşə, çərçivə plastik', 'Barmaq izi skaneri yan hissəsində yerləşir', 'NFC']",https://irshad.az/az/mehsullar/xiaomi-redmi-note-9-pro-128gb-green/, Type-C,," HDR, panorama",,,,, Var,,,,,,,,,,,
54,Xiaomi Redmi Note 9T 128GB Black,659," Dual SIM (Nano-SIM, dual stand-by)", 2, 5020, Non-removable Li-Po," IPS LCD, 450 nits (typ)"," 6.53 inches, 104.7 cm2 (~84.0% screen-to-body ratio)"," 1080 x 2340 pixels, 19.5"," Android 10, MIUI 12", MediaTek Dimensity 800U 5G (7 nm), Octa-core (2x2.4 GHz Cortex-A76 & 6x2.0 GHz Cortex-A55), Mali-G57 MC3, 8," 4K@30fps, 1080p@30/60fps", 1080p@30fps, 4 GB, 128 GB, microSDXC (xüsusi yuva), 161.2 x 77.3 x 9.1 mm, 199 g,"['Sürətli şarj 18W', '2 MP, f/2.4, (macro)', '2 MP, f/2.4, (depth)', 'Ön şüşə, çərçivə/arxa plastik', 'Barmaq izi skaneri yan hissəsində yerləşir', 'USB Type-C 2.0', 'NFC']",https://irshad.az/az/mehsullar/xiaomi-redmi-note-9t-128gb-black/,,, -,,,,, Var,,,,,,, Var,,,,
55,Samsung Galaxy A51 128 GB (SM-A515) Black,669,,, 4000Batareyanın növü,," Super AMOLED capacitive touchscreen, 16M colorsEkran ölçüsü",,, Android 10.0; One UI 2Prosessor tipi (Chipset),,,,," 2160p@30fps, 1080p@30/60/120fps; gyro-EISÖn kamera",, 6 GBDaxili yaddaş,,, 158.5 x 73.6 x 7.9 mmÇəki,,[],https://irshad.az/az/mehsullar/samsung-galaxy-a51-128-gb-sm-a515-black/,,,,,,,, VarSIM-kart növü,,,, Type-CNFC,,,,,,,
56,Xiaomi Poco X3 128GB Blue,679," Dual SIM (Nano-SIM, dual stand-by)", 2, 5160, Non-removable Li-Po," IPS LCD capacitive touchscreen, 16M colors"," 6.67 inches, 107.4 cm2 (~84.6% screen-to-body ratio)"," 1080 x 2400 pixels, 20"," Android 10, MIUI 12", Qualcomm SM7150-AC Snapdragon 732G (8 nm), Octa-core (2x2.3 GHz Kryo 470 Gold & 6x1.8 GHz Kryo 470 Silver), Adreno 618, 8," 4K@30fps, 1080p@30/120fps, 720p@960fps; gyro-EIS"," 20 MP, f/2.2, (wide), 1/3.4"", 0.8µm", 6 GB, 128 GB, microSDXC (SİM yuvasından istifadə edilir), 165.3 x 76.8 x 9.4 mm, 215 g,"['Sürətli şarj 33W (100% in 65 min)', 'Ön şüşə, alüminium çərçivə, plastik arxa', 'Barmaq izi skaneri yan hissəsində yerləşir', 'Face ID', 'NFC']",https://irshad.az/az/mehsullar/xiaomi-poco-x3-128gb-blue/," 2.0, Type-C 1.0 reversible connector",," HDR, panorama",,,,, Var,,,,,,,,,,,
57,Oppo A91 128GB Black,749," Dual SIM (Nano-SIM, dual stand-by)", 2, 4025, Non-removable Li-Po," AMOLED capacitive touchscreen, 16M colors"," 6.4 inches, 100.4 cm2 (~85.5% screen-to-body ratio)"," 1080 x 2400 pixels, 20"," Android 9.0 (Pie), ColorOS 6.1", Mediatek MT6771V Helio P70 (12nm), Octa-core (4x2.1 GHz Cortex-A73 & 4x2.0 GHz Cortex-A53), Mali-G72 MP3, 8," 1080p@30fps, gyro-EIS", 1080p@30fps, 8 GB, 128 GB, microSDXC (xüsusi yuva), 160.2 x 73.3 x 7.9 mm, 172 g,"['Ön şüşə, plastik arxa, alüminium çərçivə', 'Barmaq izi skaneri ekranın üzərində yerləşir']",https://irshad.az/az/mehsullar/oppo-a91-128gb-black/," USB Type-C 2.0, USB On-The-Go",, HDR,,,,, Var,,,,,,,,,,,
58,Oneplus N10 128GB Midnight Ice,799," Dual SIM (Nano-SIM, dual stand-by)", 2, 4300, Non-removable Li-Po, IPS LCD," 6.49 inches, 101.7 cm2 (~83.5% screen-to-body ratio)"," 1080 x 2400 pixels, 20"," Android 10, OxygenOS 10.5", Qualcomm SM6350 Snapdragon 690 5G (8 nm), Octa-core (2x2.0 GHz Kryo 560 Gold & 6x1.7 GHz Kryo 560 Silver), Adreno 619L, 8," 4K@30fps, 1080p@30/60/120fps; gyro-EIS"," 1080p@30/60fps, gyro-EIS", 6 GB, 128 GB, microSDXC, 163 x 74.7 x 9 mm, 190 g,"['Sürətli şarj 30W', '8 MP, f/2.3, 119˚ (ultrawide)', '2 MP, f/2.4, (depth)', '2 MP, f/2.4, (macro)', 'Ön şüşə, plastik korpus', 'Barmaq izi skaneri arxasında yerləşir', 'USB Type-C 2.0, USB On-The-Go', 'NFC']",https://irshad.az/az/mehsullar/oneplus-n10-128gb-midnight-ice/,,, HDR,,,,, Var,,,,,,, Var,,,,
59,Samsung Galaxy A71 (SM-A715) Black,889,,, 4500Batareyanın növü,," Super AMOLED capacitive touchscreen, 16M colorsEkran ölçüsü",,, Android 10.0; One UI 2Prosessor tipi (Chipset),,,,," 2160p@30fps, 1080p@30/240fpsÖn kamera",, 6 GBDaxili yaddaş,,, 163.6 x 76 x 7.7 mmÇəki,,[],https://irshad.az/az/mehsullar/samsung-galaxy-a71-sm-a715-black/,,,,,,,, VarSIM-kart növü,,,, Type-CNFC,,,,,,,
60,Honor 20 128 GB Black,949,,, 3750Batareyanın növü,," IPS LCD capacitive touchscreen, 16M colorsEkran ölçüsü",,, Android 9.0 (Pie); Magic 2.1Prosessor tipi (Chipset),,,,," 2160p@30fps, 1080p@30/60fps; gyro-EISÖn kamera",, 6 GBDaxili yaddaş,,, 154.25 x 73.97 x 7.87 mmÇəki,,[],https://irshad.az/az/mehsullar/honor-20-128gb-black/,,,,,,,, VarSIM-kart növü,,,,,,,, Type-CNFC,,,
61,Oppo Reno 4 Lite 128GB White,949," Dual SIM (Nano-SIM, dual stand-by)", 2, 4000, Non-removable Li-Po," Super AMOLED, 430 nits (typ), 800 nits (peak)"," 6.43 inches, 99.8 cm2 (~84.5% screen-to-body ratio)"," 1080 x 2400 pixels, 20"," Android 10, ColorOS 7.2", Mediatek MT6779V Helio P95 (12 nm),  	Octa-core (2x2.2 GHz Cortex-A75 & 6x2.0 GHz Cortex-A55), PowerVR GM9446, 8," 4K@30fps, 1080p@30/120fps, gyro-EIS", 1080p@30fps, 8 GB, 128 GB, microSDXC (xüsusi yuva), 160.1 x 73.8 x 7.5 mm, 164 g,"['Sürətli şarj 18W', '8 MP, f/2.2, 119˚, 16mm (ultrawide), 1/4.0"", 1.12µm', '2 MP, f/2.4, (depth)', '2 MP, f/2.4, (depth)', '2 MP, f/2.4, (depth)', 'Ön şüşə, plastik korpus', 'Barmaq izi skaneri ekranın üzərində yerləşir', 'USB Type-C 2.0, USB On-The-Go', 'FM Radio']",https://irshad.az/az/mehsullar/oppo-reno-4-lite-128gb-white/,,, HDR,,,,, Var,,,,,,,,,,,
62,Xiaomi Mi Mix 3 6GB/128GB Black,999,,, 3200Batareyanın növü,," Super AMOLED capacitive touchscreen, 16M colorsEkran ölçüsü",,, Android 9.0 (Pie); MIUI 10Prosessor tipi (Chipset),,,,," 2160p@30/60fps, 1080p@30/60fps, 1080p@960fpsÖn kamera",, 6 GBDaxili yaddaş,,, 157.9 x 74.7 x 8.5 mmÇəki,,[],https://irshad.az/az/mehsullar/xiaomi-mi-mix-3-6gb-128gb/,,,,,,,, VarSIM-kart növü, Type-CNFC,,,,,,,,,,
63,iPhone SE 64 GB Black,1099, Nano-SIM, 1, 1821, Non-removable Li-Ion," LED-backlit IPS LCD, capacitive touchscreen, 16M colors"," 4.7 inches, 60.9 cm2 (~65.4% screen-to-body ratio)"," 1334 x 750 pixels, 16", iOS 13, Apple A13 Bionic, Hexa-core (2x2.65 GHz Lightning + 4x1.8 GHz Thunder), Apple GPU (4-core graphics), 6," 2160p@24/30/60fps, 1080p@30/60/120/240fps, HDR, OIS, stereo sound rec.", 1080p@30fps; gyro-EIS, 3 GB, 64 GB, -, 138.4 x 67.3 x 7.3 mm, 148 g,"['Sürətli şarj 18W, 30 dəqiqəyə 50%', 'Ön / arxa şüşə, alüminium çərçivə', 'Su və Toz davamlığı', 'Barmaq izi skaneri uz hissəsində yerləşir', 'NFC']",https://irshad.az/az/mehsullar/apple-iphone-se-64-gb-black/, 2.0,," Face detection, HDR, panorama",,,,, Var,,,,,,,,,,,
64,Honor 20 Pro 256 GB Phantome Blue,1099," Dual SIM (Nano-SIM, dual stand-by)", 2, 4000, Non-removable Li-Po," IPS LCD capacitive touchscreen, 16M colors"," 6.26 inches, 96.2 cm2 (~84.1% screen-to-body ratio)"," 1080 x 2340 pixels, 19.5", Android 9.0 (Pie); Magic 2.1, HiSilicon Kirin 980 (7 nm), Octa-core (2x2.6 GHz Cortex-A76 & 2x1.92 GHz Cortex-A76 & 4x1.8 GHz Cortex-A55), Mali-G76 MP10, 8," 2160p@30fps, 1080p@30/60fps; gyro-EIS"," 1080p@30fps, gyro-EIS", 8 GB, 256 GB, -, 154.60 x 73.97 x 8.44 mm, 182g,[],https://irshad.az/az/mehsullar/honor-20-pro-256-gb-phantome-blue/,,, HDR,,,,, Var,,,,,,,," 2.0, Type-C 1.0 reversible connector,NFC",,,
65,Samsung Galaxy Note 10 Lite (SM-N770) Red,1149," Dual SIM (Nano-SIM, dual stand-by)", 2, 4500, Non-removable Li-Po," Super AMOLED capacitive touchscreen, 16M colors"," 6.7 inches, 107.8 cm2 (~86.6% screen-to-body ratio)"," 1080 x 2400 pixels, 20", Android 10.0; One UI 2, Exynos 9810 (10 nm), Octa-core (4x2.7 GHz Mongoose M3 & 4x1.7 GHz Cortex-A55), Mali-G72 MP18, 8," 2160p@30/60fps, 1080p@30/60/240fps; gyro-EIS", 1080p@30fps, 6 GB, 128 GB, microSDXC (SIM yuvasından istifadə olunur), 163.7 x 76.1 x 8.7 mm, 199 g,"['Sürətli şarj 25W', 'Ön / arxa şüşə, alüminium çərçivə', 'Barmaq izi skaneri ekranın üzərində yerləşir', 'Face ID', 'NFC']",https://irshad.az/az/mehsullar/samsung-galaxy-note-10-lite-sm-n770-red/, Type-C,, HDR,,,,, Var,,,,,,,,,,,
66,Xiaomi Mi 10T 128GB Silver,1149," Nano-SIM, dual stand-by", 2, 5000, Non-removable Li-Po," IPS LCD, 144Hz, HDR10+, 500 nits (typ), 650 nits (peak)"," 6.67 inches, 107.4 cm2 (~85.2% screen-to-body ratio)"," 1080 x 2400 pixels, 20"," Android 10, MIUI 12", Qualcomm SM8250 Snapdragon 865 (7 nm+), Octa-core (1x2.84 GHz Kryo 585 & 3x2.42 GHz Kryo 585 & 4x1.80 GHz Kryo 585), Adreno 650, 8," 8K@30fps, 4K@30/60fps, 1080p@30/60/120/240/960fps; gyro-EIS"," 1080p@30fps, 720p@120fps", 8, 128 GB, -, 165.1 x 76.4 x 9.3 mm, 216 g,"['Sürətli şarj 33W', '13 MP, f/2.4, 123˚ (ultrawide), 1.12µm', '5 MP, f/2.4, (macro), AF', 'Ön / arxa şüşə, alüminium çərçivə', 'Barmaq izi skaneri yan hissəsində yerləşir', 'NFC']",https://irshad.az/az/mehsullar/xiaomi-mi-10t-128gb-silver/," Type-C 2.0, USB On-The-Go",, HDR,,,,, Var,,,,,,,,, Var,,
67,iPhone SE 128 GB Black,1239, Nano-SIM, 1, 1821, Non-removable Li-Ion," LED-backlit IPS LCD, capacitive touchscreen, 16M colors"," 4.7 inches, 60.9 cm2 (~65.4% screen-to-body ratio)"," 1334 x 750 pixels, 16", iOS 13, Apple A13 Bionic, Hexa-core (2x2.65 GHz Lightning + 4x1.8 GHz Thunder), Apple GPU (4-core graphics), 6," 2160p@24/30/60fps, 1080p@30/60/120/240fps, HDR, OIS, stereo sound rec.", 1080p@30fps; gyro-EIS, 3 GB, 128 GB, -, 138.4 x 67.3 x 7.3 mm, 148 g,"['Sürətli şarj 18W, 30 dəqiqəyə 50%', 'Ön / arxa şüşə, alüminium çərçivə', 'Su və Toz davamlığı', 'Barmaq izi skaneri uz hissəsində yerləşir', 'NFC']",https://irshad.az/az/mehsullar/iphone-se-128-gb-black/, 2.0,," Face detection, HDR, panorama",,,,, Var,,,,,,,,,,,
68,Xiaomi Poco F2 Pro 128GB Grey,1299," Dual SIM (Nano-SIM, dual stand-by)", 2, 4700, Non-removable Li-Po," Super AMOLED capacitive touchscreen, 16M colors"," 6.67 inches, 107.4 cm2 (~87.2% screen-to-body ratio)"," 1080 x 2400 pixels, 20"," Android 10, MIUI 11", Qualcomm SM8250 Snapdragon 865 (7 nm+), Octa-core (1x2.84 GHz Kryo 585 & 3x2.42 GHz Kryo 585 & 4x1.80 GHz Kryo 585), Adreno 650, 8," 8K@24/30fps, 4K@30/60fps, 1080p@30/60/120/240fps, 1080p@960fps; gyro-EIS"," 1080p@30fps, 720p@120fps", 6 GB, 128 GB, Yox, 163.3 x 75.4 x 8.9 mm, 219 g,"['Sürətli şarj 30W (100% in 63 min)', 'Ön / arxa şüşə, alüminium çərçivə', 'Barmaq izi skaneri ekranın üzərində yerləşir', 'Face ID', 'NFC']",https://irshad.az/az/mehsullar/xiaomi-poco-f2-pro-128gb-grey/," 2.0, Type-C 1.0 reversible connector",, HDR,,,,, Var,,,,,,, Var,,,,
69,Honor 30 128 GB Black,1299,,, 4000Batareyanın növü,, OLED Ekran ölçüsü,,," Android 10, Magic UI 3Prosessor tipi (Chipset)",,,,," 4K@30/60fps, 1080p@30/60fps, 720p@960fps; gyro-EISÖn kamera",, 8 GBDaxili yaddaş,,, 160.3 x 74.2 x 8.1 mmÇəki,,"['Barmaq izi skaneri ekranın üzərində yerləşirUSB Type-C 2.0, USB On-The-GoNFC']",https://irshad.az/az/mehsullar/honor-30-128-gb-black/,,,,,,,, VarSIM-kart növü,,,,,,,,,,,
70,Samsung Galaxy S20 FE (SM-G780) Blue,1399," Dual SIM (Nano-SIM, dual stand-by)", 2, 4500, Non-removable Li-Po," Super AMOLED capacitive touchscreen, 16M colors"," 6.5 inches, 101.0 cm2 (~84.8% screen-to-body ratio)"," 1080 x 2400 pixels, 20"," Android 10, One UI 2.5", Exynos 990 (7 nm+), Octa-core (2x2.73 GHz Mongoose M5 & 2x2.50 GHz Cortex-A76 & 4x2.0 GHz Cortex-A55), Mali-G77 MP11, 8," 4K, 1080p, gyro-EIS"," 4K, 1080p", 6 GB, 128 GB, microSDXC up to 1TB (SİM yuvasından istifadə edilir),, 190g,"['Sürətli şarj 15W', 'Sürətli naqilsiz şarj 15W', 'Ön şüşə, plastik arxa, alüminium çərçivə', 'Barmaq izi skaneri ekranın üzərində yerləşir', 'Su, Toz davamlığı', 'NFC']",https://irshad.az/az/mehsullar/samsung-galaxy-s20-fe-sm-g780-blue/," Type-C, USB On-The-Go",, HDR,,,,, Var,,,,,,,,,, 159.8 x 74.5 x 8.4 mm,
71,Honor 30 256 GB Silver,1399,,, 4000Batareyanın növü,, OLED Ekran ölçüsü,,," Android 10, Magic UI 3Prosessor tipi (Chipset)",,,,," 4K@30/60fps, 1080p@30/60fps, 720p@960fps; gyro-EISÖn kamera",, 8 GBDaxili yaddaş,,, 160.3 x 74.2 x 8.1 mmÇəki,,"['Barmaq izi skaneri ekranın üzərində yerləşirUSB Type-C 2.0, USB On-The-GoNFC']",https://irshad.az/az/mehsullar/honor-30-256-gb-titanium-silver/,,,,,,,, VarSIM-kart növü,,,,,,,,,,,
72,iPhone 11 64 GB Black,1689, Nano-SIM, 1, 3046, Non-removable Li-Ion," Liquid Retina IPS LCD capacitive touchscreen, 16M colors"," 6.1 inches, 90.3 cm2 (~79.0% screen-to-body ratio)"," 828 x 1792 pixels, 19.5", iOS 13, Apple A13 Bionic, Hexa-core (2x2.65 GHz Lightning + 4x1.8 GHz Thunder), Apple GPU, 6," 2160p@24/30/60fps, 1080p@30/60/120/240fps, HDR, stereo sound rec."," 2160p@24/30/60fps, 1080p@30/60/120fps, gyro-EIS", 4 GB, 64 GB, -, 150.9 x 75.7 x 8.3 mm, 194 g,"['Sürətli şarj 18W, 30 dəqiqəyə 50%', 'Naqilsiz şarj', '12 MP, f/2.4, 13mm (ultrawide)', 'TOF 3D camera', 'Ön / arxa şüşə, alüminium çərçivə', 'Su və Toz davamlığı', 'Face ID', 'NFC']",https://irshad.az/az/mehsullar/iphone-11-64-gb-black/, Lightning,, HDR,,,,, Var,,,,,,,,,,,
73,OnePlus 8 256GB Green,1699," Dual SIM (Nano-SIM, dual stand-by)", 2, 4300, Non-removable Li-Po," Fluid AMOLED capacitive touchscreen, 16M colors"," 6.55 inches, 103.6 cm2 (~88.7% screen-to-body ratio)"," 1080 x 2400 pixels, 20"," Android 10, OxygenOS 10.0", Qualcomm SM8250 Snapdragon 865 (7 nm+), Octa-core (1x2.84 GHz Kryo 585 & 3x2.42 GHz Kryo 585 & 4x1.8 GHz Kryo 585), Adreno 650, 8," 4K@30/60fps, 1080p@30/60/240fps, Auto HDR, gyro-EIS"," 1080p@30fps, gyro-EIS", 12 GB, 256 GB, -, 160.2 x 72.9 x 8 mm, 180 g,"['Sürətli şarj 30W', 'Ön / arxa şüşə, alüminium çərçivə', 'Barmaq izi skaneri ekranın üzərində yerləşir', 'NFC']",https://irshad.az/az/mehsullar/oneplus-8-256gb-green/," Type-C, USB On-The-Go",, Auto-HDR,,,,, Var,,,,,,,,,,,
74,Xiaomi Mi 10 256GB Grey,1699, Single SIM (Nano-SIM), 1, 4780, Non-removable Li-Po," Super AMOLED capacitive touchscreen, 16M colors"," 6.67 inches, 109.2 cm2 (~89.8% screen-to-body ratio)"," 1080 x 2340 pixels, 19.5"," Android 10, MIUI 11", Qualcomm SM8250 Snapdragon 865 (7 nm+), Octa-core (1x2.84 GHz Kryo 585 & 3x2.42 GHz Kryo 585 & 4x1.80 GHz Kryo 585), Adreno 650, 8," 8K@30fps, 4K@30/60fps, 1080p@30/60fps; gyro-EIS", 1080p@30fps, 8 GB, 256 GB, Yox, 162.5 x 74.8 x 9 mm, 208 g,"['Sürətli şarj 30W (100% charge in 57 minutes)', 'Sürətli naqilsiz şarj 30W', 'Ön / arxa şüşə, alüminium çərçivə', 'Barmaq izi skaneri ekranın üzərində yerləşir', 'NFC']",https://irshad.az/az/mehsullar/xiaomi-mi-10-256gb-grey/," 2.0, Type-C 1.0 reversible connector",, HDR,,,,, Var,,,,,,, Var,,,,
75,iPhone 11 128 GB Black,1819, Nano-SIM, 1, 3046, Non-removable Li-Ion," Liquid Retina IPS LCD capacitive touchscreen, 16M colors"," 6.1 inches, 90.3 cm2 (~79.0% screen-to-body ratio)"," 828 x 1792 pixels, 19.5", iOS 13, Apple A13 Bionic, Hexa-core (2x2.65 GHz Lightning + 4x1.8 GHz Thunder), Apple GPU, 6," 2160p@24/30/60fps, 1080p@30/60/120/240fps, HDR, stereo sound rec."," 2160p@24/30/60fps, 1080p@30/60/120fps, gyro-EIS", 4 GB, 128 GB, -, 150.9 x 75.7 x 8.3 mm, 194 g,"['Sürətli şarj 18W, 30 dəqiqəyə 50%', 'Naqilsiz şarj', '12 MP, f/2.4, 13mm (ultrawide)', 'TOF 3D camera', 'Ön / arxa şüşə, alüminium çərçivə', 'Su və Toz davamlığı', 'Face ID', 'NFC']",https://irshad.az/az/mehsullar/iphone-11-128-gb-black/, Lightning,, HDR,,,,, Var,,,,,,,,,,,
76,Samsung Galaxy S20 (SM-G980) Gray,1899," Hybrid Dual SIM (Nano-SIM, dual stand-by)", 2, 4000, Non-removable Li-Po," Dynamic AMOLED 2X capacitive touchscreen, 16M colors"," 6.2 inches, 93.8 cm2 (~89.5% screen-to-body ratio)"," 1440 x 3200 pixels, 20", Android 10.0; One UI 2, Exynos 990 (7 nm+), Octa-core (2x2.73 GHz Mongoose M5 & 2x2.60 GHz Cortex-A76 & 4x2.0 GHz Cortex-A55), Mali-G77 MP11, 8," 4320p@24fps, 2160p@30/60fps, 1080p@30/60/240fps, 720p@960fps, HDR10+, dual-video rec., stereo sound rec., gyro-EIS & OIS"," 2160p@30/60fps, 1080p@30fps", 8 GB, 128 GB, microSDXC (SİM yuvasından istifadə edilir), 151.7 x 69.1 x 7.9 mm, 163 g,"['Sürətli şarj 25W', 'Sürətli Qi/PMA naqilsiz şarj 15W', 'Ön / arxa şüşə, alüminium çərçivə', 'Barmaq izi skaneri ekranın üzərində yerləşir', 'Su, Toz davamlığı', 'NFC']",https://irshad.az/az/mehsullar/samsung-galaxy-s20-sm-g980-gray/," 3.2, Type-C 1.0",," Dual video call, Auto-HDR",,,,, Var,,,,,,,,,,,
77,iPhone 12 mini 64 GB Black,1969, Nano-SIM, 1, 2227, Non-removable Li-Ion," Super Retina XDR OLED, HDR10, 625 nits (typ), 1200 nits (peak)"," 5.4 inches, 71.9 cm2 (~85.1% screen-to-body ratio)"," 1080 x 2340 pixels, 19.5"," iOS 14.1, upgradable to iOS 14.2", Apple A14 Bionic (5 nm), Hexa-core (2x3.1 GHz Firestorm + 4x1.8 GHz Icestorm), Apple GPU (4-core graphics), 6," 4K@24/30/60fps, 1080p@30/60/120/240fps, HDR, Dolby Vision HDR (up to 30fps), stereo sound rec."," 4K@24/30/60fps, 1080p@30/60/120fps, gyro-EIS", 4 GB, 64 GB, -, 131.5 x 64.2 x 7.4 mm, 135 g,"['Sürətli şarj 20W, 30 dəqiqəyə 50%', 'Naqilsiz sürətli şarj 12W', '12 MP, f/2.4, 120˚, 13mm (ultrawide), 1/3.6""', 'SL 3D, (depth/biometrics sensor)', 'Ön / arxa şüşə, alüminium çərçivə', 'Su və Toz davamlığı IP68 (30 dəqiqə ərzində 6 metrə qədər)', 'Cızılmağa davamlı keramika şüşəsi, oleofobik örtük', 'Face ID', 'NFC']",https://irshad.az/az/mehsullar/iphone-12-mini-64-gb-black/," Lightning, USB 2.0",, HDR,,,,, Var,,,,,,, Var,,,,
78,Samsung Galaxy Note 20 (SM-N980) Gray,2099,,, 4300Batareyanın növü,," Super AMOLED Plus capacitive touchscreen, 16M colorsEkran ölçüsü",,," Android 10, One UI 2.1Prosessor tipi (Chipset)",,,,," 8K@24fps, 4K@30/60fps, 1080p@30/60/240fps, 720p@960fps, HDR10+, stereo sound rec., gyro-EIS & OIS.Ön kamera",, 8 GBDaxili yaddaş,,, 161.6 x 75.2 x 8.3 mmÇəki,,[],https://irshad.az/az/mehsullar/samsung-galaxy-note-20-sm-n980-gray/,,,,,,,, VarSIM-kart növü,,,,,,,,,,," Type-C, USB On-The-GoNFC"
79,iPhone 12 mini 128 GB Black,2099, Nano-SIM, 1, 2227, Non-removable Li-Ion," Super Retina XDR OLED, HDR10, 625 nits (typ), 1200 nits (peak)"," 5.4 inches, 71.9 cm2 (~85.1% screen-to-body ratio)"," 1080 x 2340 pixels, 19.5"," iOS 14.1, upgradable to iOS 14.2", Apple A14 Bionic (5 nm), Hexa-core (2x3.1 GHz Firestorm + 4x1.8 GHz Icestorm), Apple GPU (4-core graphics), 6," 4K@24/30/60fps, 1080p@30/60/120/240fps, HDR, Dolby Vision HDR (up to 30fps), stereo sound rec."," 4K@24/30/60fps, 1080p@30/60/120fps, gyro-EIS", 4 GB, 128 GB, -, 131.5 x 64.2 x 7.4 mm, 135 g,"['Sürətli şarj 20W, 30 dəqiqəyə 50%', 'Naqilsiz sürətli şarj 12W', '12 MP, f/2.4, 120˚, 13mm (ultrawide), 1/3.6""', 'SL 3D, (depth/biometrics sensor)', 'Ön / arxa şüşə, alüminium çərçivə', 'Su və Toz davamlığı IP68 (30 dəqiqə ərzində 6 metrə qədər)', 'Cızılmağa davamlı keramika şüşəsi, oleofobik örtük', 'Face ID', 'NFC']",https://irshad.az/az/mehsullar/iphone-12-mini-128-gb-black/," Lightning, USB 2.0",, HDR,,,,, Var,,,,,,, Var,,,,
80,Samsung Galaxy S21 (SM-G991) Gray,2099," Dual SIM (Nano-SIM and/or eSIM, dual stand-by)", 2, 4000, Non-removable Li-Po," Dynamic AMOLED 2X, 120Hz, HDR10+, 1300 nits (peak)"," 6.2 inches, 94.1 cm2 (~87.2% screen-to-body ratio)"," 1080 x 2400 pixels, 20"," Android 11, One UI 3.1", Exynos 2100 (5 nm), Octa-core (1x2.9 GHz Cortex-X1 & 3x2.80 GHz Cortex-A78 & 4x2.2 GHz Cortex-A55), Mali-G78 MP14, 8," 8K@24fps, 4K@30/60fps, 1080p@30/60/240fps, 720p@960fps, HDR10+, stereo sound rec., gyro-EIS"," 4K@30/60fps, 1080p@30fps", 8 GB, 128 GB, -, 151.7 x 71.2 x 7.9 mm, 171 g,"['Sürətli şarj 25W', 'Sürətli Qi/PMA naqilsiz şarj 15W', '64 MP, f/2.0, 28mm (telephoto), 1/1.76"", 0.8µm, PDAF, OIS, 1.1x optical zoom, 3x hybrid zoom', '12 MP, f/2.2, 13mm, 120˚ (ultrawide), 1/2.55"" 1.4µm, Super Steady video', 'Ön şüşə, alüminium çərçivə, plastik arxa', 'Barmaq izi skaneri ekranın üzərində yerləşir', 'IP68 Su, Toz davamlığı', 'USB Type-C 3.2, USB On-The-Go', 'NFC']",https://irshad.az/az/mehsullar/samsung-galaxy-s21-sm-g991-gray/,,," Dual video call, Auto-HDR",,,,, Var,,,,,,, Var,,,,
81,Samsung Galaxy S20+ (SM-G985) Red,2199," Hybrid Dual SIM (Nano-SIM, dual stand-by)", 2, 4500, Non-removable Li-Po," Dynamic AMOLED 2X capacitive touchscreen, 16M colors"," 6.7 inches, 108.0 cm2 (~90.5% screen-to-body ratio)"," 1440 x 3200 pixels, 20", Android 10.0; One UI 2, Exynos 990 (7 nm+), Octa-core (2x2.73 GHz Mongoose M5 & 2x2.60 GHz Cortex-A76 & 4x2.0 GHz Cortex-A55), Mali-G77 MP11, 8," 4320p@24fps, 2160p@30/60fps, 1080p@30/60/240fps, 720p@960fps, HDR10+, dual-video rec., stereo sound rec., gyro-EIS & OIS"," 2160p@30/60fps, 1080p@30fps", 8 GB, 128 GB, microSDXC (SİM yuvasından istifadə edilir), 161.9 x 73.7 x 7.8 mm, 186 g,"['Sürətli şarj 25W', 'Sürətli Qi/PMA naqilsiz şarj 15W', 'Ön / arxa şüşə, alüminium çərçivə', 'Barmaq izi skaneri ekranın üzərində yerləşir', 'Su, Toz davamlığı', 'NFC']",https://irshad.az/az/mehsullar/samsung-galaxy-s20-sm-g985-red/," 3.2, Type-C 1.0",," Dual video call, Auto-HDR",,,,, Var,,,,,,,,,,,
82,OnePlus 8 Pro 128GB Black,2199," Dual SIM (Nano-SIM, dual stand-by)", 2, 4510, Non-removable Li-Po," Fluid AMOLED capacitive touchscreen, 1B colors"," 6.78 inches, 111.7 cm2 (~90.8% screen-to-body ratio)", 1440 x 3168 pixels (~513 ppi density)," Android 10, OxygenOS 10.0", Qualcomm SM8250 Snapdragon 865 (7 nm+), Octa-core (1x2.84 GHz Kryo 585 & 3x2.42 GHz Kryo 585 & 4x1.8 GHz Kryo 585), Adreno 650, 8," 4K@30/60fps, 1080p@30/60/240fps, Auto HDR, gyro-EIS"," 1080p@30fps, gyro-EIS", 8 GB, 128 GB, -, 165.3 x 74.4 x 8.5 mm, 199 g,"['Sürətli şarj 30W', 'Sürətli naqilsiz şarj 30W', 'Ön / arxa şüşə, alüminium çərçivə', 'Barmaq izi skaneri ekranın üzərində yerləşir', 'NFC']",https://irshad.az/az/mehsullar/one-plus-8-pro-128gb-black/," Type-C, USB On-The-Go",, Auto-HDR,,,,, Var,,,,,,,,,,,
83,iPhone 12 64 GB Black,2249, Nano-SIM, 1, 2815, Non-removable Li-Ion," Super Retina XDR OLED, HDR10, 625 nits (typ), 1200 nits (peak)"," 6.1 inches, 90.2 cm2 (~86.0% screen-to-body ratio)"," 1170 x 2532 pixels, 19.5"," iOS 14.1, upgradable to iOS 14.2", Apple A14 Bionic (5 nm), Hexa-core (2x3.1 GHz Firestorm + 4x1.8 GHz Icestorm), Apple GPU (4-core graphics), 6," 4K@24/30/60fps, 1080p@30/60/120/240fps, HDR, Dolby Vision HDR (up to 30fps), stereo sound rec."," 4K@24/30/60fps, 1080p@30/60/120fps, gyro-EIS", 4 GB, 64 GB, -, 146.7 x 71.5 x 7.4 mm, 164 g,"['Sürətli şarj 20W, 30 dəqiqəyə 50%', 'Naqilsiz sürətli şarj 15W', '12 MP, f/2.4, 120˚, 13mm (ultrawide), 1/3.6""', 'SL 3D, (depth/biometrics sensor)', 'Ön / arxa şüşə, alüminium çərçivə', 'Su və Toz davamlığı IP68 (30 dəqiqə ərzində 6 metrə qədər)', 'Cızılmağa davamlı keramika şüşəsi, oleofobik örtük', 'Face ID', 'NFC']",https://irshad.az/az/mehsullar/iphone-12-64-gb-black/," Lightning, USB 2.0",, HDR,,,,, Var,,,,,,, Var,,,,
84,iPhone 12 128 GB Blue,2389, Nano-SIM, 1, 2815, Non-removable Li-Ion," Super Retina XDR OLED, HDR10, 625 nits (typ), 1200 nits (peak)"," 6.1 inches, 90.2 cm2 (~86.0% screen-to-body ratio)"," 1170 x 2532 pixels, 19.5"," iOS 14.1, upgradable to iOS 14.2", Apple A14 Bionic (5 nm), Hexa-core (2x3.1 GHz Firestorm + 4x1.8 GHz Icestorm), Apple GPU (4-core graphics), 6," 4K@24/30/60fps, 1080p@30/60/120/240fps, HDR, Dolby Vision HDR (up to 30fps), stereo sound rec."," 4K@24/30/60fps, 1080p@30/60/120fps, gyro-EIS", 4 GB, 128 GB, -, 146.7 x 71.5 x 7.4 mm, 164 g,"['Sürətli şarj 20W, 30 dəqiqəyə 50%', 'Naqilsiz sürətli şarj 15W', '12 MP, f/2.4, 120˚, 13mm (ultrawide), 1/3.6""', 'SL 3D, (depth/biometrics sensor)', 'Ön / arxa şüşə, alüminium çərçivə', 'Su və Toz davamlığı IP68 (30 dəqiqə ərzində 6 metrə qədər)', 'Cızılmağa davamlı keramika şüşəsi, oleofobik örtük', 'Face ID', 'NFC']",https://irshad.az/az/mehsullar/iphone-12-128-gb-blue/," Lightning, USB 2.0",, HDR,,,,, Var,,,,,,, Var,,,,
85,OnePlus 8 Pro 256GB Blue,2399," Dual SIM (Nano-SIM, dual stand-by)", 2, 4510, Non-removable Li-Po," Fluid AMOLED capacitive touchscreen, 1B colors"," 6.78 inches, 111.7 cm2 (~90.8% screen-to-body ratio)", 1440 x 3168 pixels (~513 ppi density)," Android 10, OxygenOS 10.0", Qualcomm SM8250 Snapdragon 865 (7 nm+), Octa-core (1x2.84 GHz Kryo 585 & 3x2.42 GHz Kryo 585 & 4x1.8 GHz Kryo 585), Adreno 650, 8," 4K@30/60fps, 1080p@30/60/240fps, Auto HDR, gyro-EIS"," 1080p@30fps, gyro-EIS", 12 GB, 256 GB, -, 165.3 x 74.4 x 8.5 mm, 199 g,"['Sürətli şarj 30W', 'Sürətli naqilsiz şarj 30W', 'Ön / arxa şüşə, alüminium çərçivə', 'Barmaq izi skaneri ekranın üzərində yerləşir', 'NFC']",https://irshad.az/az/mehsullar/one-plus-8-pro-256gb-blue/," Type-C, USB On-The-Go",, Auto-HDR,,,,, Var,,,,,,,,,,,
86,Samsung Galaxy S21+ (SM-G996) Black,2399," Dual SIM (Nano-SIM and/or eSIM, dual stand-by)", 2, 4800, Non-removable Li-Po," Dynamic AMOLED 2X, 120Hz, HDR10+, 1300 nits (peak)"," 6.7 inches, 107.8 cm2 (~88.3% screen-to-body ratio)"," 1080 x 2400 pixels, 20"," Android 11, One UI 3.1", Exynos 2100 (5 nm), Octa-core (1x2.9 GHz Cortex-X1 & 3x2.80 GHz Cortex-A78 & 4x2.2 GHz Cortex-A55), Mali-G78 MP14, 8," 8K@24fps, 4K@30/60fps, 1080p@30/60/240fps, 720p@960fps, HDR10+, stereo sound rec., gyro-EIS"," 4K@30/60fps, 1080p@30fps", 8 GB, 128 GB, -, 161.5 x 75.6 x 7.8 mm, 202 g,"['Sürətli şarj 25W', 'Sürətli Qi/PMA naqilsiz şarj 15W', '64 MP, f/2.0, 28mm (telephoto), 1/1.76"", 0.8µm, PDAF, OIS, 1.1x optical zoom, 3x hybrid zoom', '12 MP, f/2.2, 13mm, 120˚ (ultrawide), 1/2.55"" 1.4µm, Super Steady video', 'Ön şüşə, alüminium çərçivə, plastik arxa', 'Barmaq izi skaneri ekranın üzərində yerləşir', 'IP68 Su, Toz davamlığı', 'USB Type-C 3.2, USB On-The-Go', 'NFC']",https://irshad.az/az/mehsullar/samsung-galaxy-s21-sm-g996-black/,,," Dual video call, Auto-HDR",,,,, Var,,,,,,, Var,,,,
87,iPhone 11 Pro 64 GB Grey,2549, Nano-SIM, 1, 3190, Non-removable Li-Ion," Super Retina XDR OLED capacitive touchscreen, 16M colors"," 5.8 inches, 84.4 cm2 (~82.1% screen-to-body ratio)"," 1125 x 2436 pixels, 19.5", iOS 13, Apple A13 Bionic, Hexa-core (2x2.65 GHz Lightning + 4x1.8 GHz Thunder), Apple GPU, 6,"  2160p@24/30/60fps, 1080p@30/60/120/240fps, HDR, stereo sound rec."," 2160p@24/30/60fps, 1080p@30/60/120fps, gyro-EIS", 4 GB, 64 GB, -, 144 x 71.4 x 8.1 mm, 188 g,"['Sürətli şarj 18W, 30 dəqiqəyə 50%', 'Naqilsiz şarj', '12 MP, f/2.0, 52mm (telephoto), 1/3.4"", 1.0µm, PDAF, OIS, 2x optical zoom', '12 MP, f/2.4, 13mm (ultrawide)', 'TOF 3D camera', 'Ön / arxa şüşə, paslanmayan polad çərçivə', 'Su və Toz davamlığı', 'Face ID', 'NFC']",https://irshad.az/az/mehsullar/iphone-11-pro-64-gb-grey/, Lightning,, HDR,,,,, Var,,,,,,,,,,,
88,Samsung Galaxy Note 20 Ultra (SM-N985) Black,2599," Dual SIM (Nano-SIM, dual stand-by)", 2, 4500, Non-removable Li-Ion," Dynamic AMOLED 2X capacitive touchscreen, 16M colors"," 6.9 inches, 117.7 cm2 (~92.5% screen-to-body ratio)", 1440 x 3088 pixels (~494 ppi density)," Android 10, One UI 2.1", Exynos 990 (7 nm+), Octa-core (2x2.73 GHz Mongoose M5 & 2x2.50 GHz Cortex-A76 & 4x2.0 GHz Cortex-A55), Mali-G77 MP11, 8," 8K@24fps, 4K@30/60fps, 1080p@30/60/240fps, 720p@960fps, HDR10+, stereo sound rec., gyro-EIS & OIS"," 4K@30/60fps, 1080p@30fps", 8 GB, 256 GB, microSDXC up to 1TB (SİM yuvasından istifadə edilir), 164.8 x 77.2 x 8.1 mm, 208 g,"['Sürətli şarj 25W', 'Sürətli naqilsiz şarj Qi/PMA', 'Ön / arxa şüşə, alüminium çərçivə', 'Barmaq izi skaneri ekranın üzərində yerləşir', 'Face ID', 'Su, Toz davamlığı', 'NFC']",https://irshad.az/az/mehsullar/samsung-galaxy-note-20-ultra-sm-n985-black/," Type-C, USB On-The-Go",," Dual video call, Auto-HDR",,,,, Var,,,,,,,,,,,
89,iPhone 11 Pro Max 64 GB Green,2699, Nano-SIM, 1, 3969, Non-removable Li-Ion," Super Retina XDR OLED capacitive touchscreen, 16M colors"," 6.5 inches, 102.9 cm2 (~83.7% screen-to-body ratio)"," 1242 x 2688 pixels, 19.5", iOS 13, Apple A13 Bionic, Hexa-core (2x2.65 GHz Lightning + 4x1.8 GHz Thunder), Apple GPU, 6,"  2160p@24/30/60fps, 1080p@30/60/120/240fps, HDR, stereo sound rec."," 2160p@24/30/60fps, 1080p@30/60/120fps, gyro-EIS", 4 GB, 64 GB, -, 158 x 77.8 x 8.1 mm, 226 g,"['Sürətli şarj 18W, 30 dəqiqəyə 50%', 'Naqilsiz şarj', '12 MP, f/2.0, 52mm (telephoto), 1/3.4"", 1.0µm, PDAF, OIS, 2x optical zoom', '12 MP, f/2.4, 13mm (ultrawide)', 'TOF 3D camera', 'Ön / arxa şüşə, paslanmayan polad çərçivə', 'Su və Toz davamlığı', 'Face ID', 'NFC']",https://irshad.az/az/mehsullar/iphone-11-pro-max-64-gb-green/, Lightning,, HDR,,,,, Var,,,,,,,,,,,
90,Samsung Galaxy S20 Ultra (SM-G988) Black,2799," Hybrid Dual SIM (Nano-SIM, dual stand-by)", 2, 5000, Non-removable Li-Po," Dynamic AMOLED 2X capacitive touchscreen, 16M colors"," 6.9 inches, 114.0 cm2 (~89.9% screen-to-body ratio)"," 1440 x 3200 pixels, 20", Android 10.0; One UI 2, Exynos 990 (7 nm+), Octa-core (2x2.73 GHz Mongoose M5 & 2x2.60 GHz Cortex-A76 & 4x2.0 GHz Cortex-A55), Mali-G77 MP11, 8," 4320p@24fps, 2160p@30/60fps, 1080p@30/60/240fps, 720p@960fps, HDR10+, dual-video rec., stereo sound rec., gyro-EIS & OIS"," 2160p@30/60fps, 1080p@30fps", 12 GB, 128 GB, microSDXC (SİM yuvasından istifadə edilir), 166.9 x 76 x 8.8 mm, 222 g,"['Sürətli şarj 45W', 'Sürətli Qi/PMA naqilsiz şarj 15W', 'Ön / arxa şüşə, alüminium çərçivə', 'Barmaq izi skaneri ekranın üzərində yerləşir', 'Su, Toz davamlığı', 'NFC']",https://irshad.az/az/mehsullar/samsung-galaxy-s20-ultra-sm-g988-black/," 3.2, Type-C 1.0",," Dual video call, Auto-HDR",,,,, Var,,,,,,,,,,,
91,Samsung Galaxy Z Flip (SM-F700) Black,2799," Nano-SIM, eSIM", 2, 3300, Non-removable Li-Po," Foldable Dynamic AMOLED capacitive touchscreen, 16M colors"," 6.7 inches, 101.6 cm2 (~82.5% screen-to-body ratio), Cover display", 1080 x 2636 pixels (~425 ppi density), Android 10.0; One UI 2, Qualcomm SM8150 Snapdragon 855+ (7 nm), Octa-core (1x2.95 GHz Kryo 485 & 3x2.41 GHz Kryo 485 & 4x1.78 GHz Kryo 485), Adreno 640, 8," 2160p@30/60fps, 1080p@60/240fps, 720p@960fps, HDR10+", 2160p@30fps, 8 GB, 256 GB, Yox," açılmış 167.3 x 73.6 x 7.2 mm,", 183 g,"['Sürətli şarj 15W', 'Sürətli naqilsiz şarj 9W', 'qatlanmış 87.4 x 73.6 x 17.3 mm.', 'Ön plastik, arxa şüşə, alüminium çərçivə', 'Barmaq izi skaneri yan hissəsində yerləşir', 'NFC']",https://irshad.az/az/mehsullar/samsung-galaxy-z-flip-sm-f700-black/," 3.1, Type-C 1.0 reversible connector",, HDR,,,,, Var,,,,,,,,,,,
92,Samsung Galaxy S21 Ultra (SM-G998) Black,2899," Dual SIM (Nano-SIM and/or eSIM, dual stand-by)", 2, 5000, Non-removable Li-Po," Dynamic AMOLED 2X, 120Hz, HDR10+, 1500 nits (peak)"," 6.8 inches, 112.1 cm2 (~89.8% screen-to-body ratio)"," 1440 x 3200 pixels, 20"," Android 11, One UI 3.1", Exynos 2100 (5 nm), Octa-core (1x2.9 GHz Cortex-X1 & 3x2.80 GHz Cortex-A78 & 4x2.2 GHz Cortex-A55), Mali-G78 MP14, 8," 8K@24fps, 4K@30/60fps, 1080p@30/60/240fps, 720p@960fps, HDR10+, stereo sound rec., gyro-EIS"," 4K@30/60fps, 1080p@30fps", 12 GB, 256 GB, -, 165.1 x 75.6 x 8.9 mm, 228 g,"['Sürətli şarj 25W', 'Sürətli Qi/PMA naqilsiz şarj 15W', '10 MP, f/4.9, 240mm (periscope telephoto), 1/3.24"", 1.22µm, dual pixel PDAF, OIS, 10x optical zoom', '10 MP, f/2.4, 70mm (telephoto), 1/3.24"", 1.22µm, dual pixel PDAF, OIS, 3x optical zoom', '12 MP, f/2.2, 13mm (ultrawide), 1/2.55"", 1.4µm, dual pixel PDAF, Super Steady video', 'Ön / arxa şüşə, alüminium çərçivə', 'Barmaq izi skaneri ekranın üzərində yerləşir', 'IP68 Su, Toz davamlığı', 'USB Type-C 3.2, USB On-The-Go', 'NFC']",https://irshad.az/az/mehsullar/samsung-galaxy-s21-ultra-sm-g998-black/,,," Dual video call, Auto-HDR",,,,, Var,,,,,,, Var,,,,
93,iPhone 11 Pro 256 GB Green,2949, Nano-SIM, 1, 3190, Non-removable Li-Ion," Super Retina XDR OLED capacitive touchscreen, 16M colors"," 5.8 inches, 84.4 cm2 (~82.1% screen-to-body ratio)"," 1125 x 2436 pixels, 19.5", iOS 13, Apple A13 Bionic, Hexa-core (2x2.65 GHz Lightning + 4x1.8 GHz Thunder), Apple GPU, 6,"  2160p@24/30/60fps, 1080p@30/60/120/240fps, HDR, stereo sound rec."," 2160p@24/30/60fps, 1080p@30/60/120fps, gyro-EIS", 4 GB, 256 GB, -, 144 x 71.4 x 8.1 mm, 188 g,"['Sürətli şarj 18W, 30 dəqiqəyə 50%', 'Naqilsiz şarj', '12 MP, f/2.0, 52mm (telephoto), 1/3.4"", 1.0µm, PDAF, OIS, 2x optical zoom', '12 MP, f/2.4, 13mm (ultrawide)', 'TOF 3D camera', 'Ön / arxa şüşə, paslanmayan polad çərçivə', 'Su və Toz davamlığı', 'Face ID', 'NFC']",https://irshad.az/az/mehsullar/iphone-11-pro-256-gb-green/, Lightning,, HDR,,,,, Var,,,,,,,,,,,
94,iPhone 11 Pro Max 256 GB Grey,2999, Nano-SIM, 1, 3969, Non-removable Li-Ion," Super Retina XDR OLED capacitive touchscreen, 16M colors"," 6.5 inches, 102.9 cm2 (~83.7% screen-to-body ratio)"," 1242 x 2688 pixels, 19.5", iOS 13, Apple A13 Bionic, Hexa-core (2x2.65 GHz Lightning + 4x1.8 GHz Thunder), Apple GPU, 6,"  2160p@24/30/60fps, 1080p@30/60/120/240fps, HDR, stereo sound rec."," 2160p@24/30/60fps, 1080p@30/60/120fps, gyro-EIS", 4 GB, 256 GB, -, 158 x 77.8 x 8.1 mm, 226 g,"['Sürətli şarj 18W, 30 dəqiqəyə 50%', 'Naqilsiz şarj', '12 MP, f/2.0, 52mm (telephoto), 1/3.4"", 1.0µm, PDAF, OIS, 2x optical zoom', '12 MP, f/2.4, 13mm (ultrawide)', 'TOF 3D camera', 'Ön / arxa şüşə, paslanmayan polad çərçivə', 'Su və Toz davamlığı', 'Face ID', 'NFC']",https://irshad.az/az/mehsullar/iphone-11-pro-max-256-gb-grey/, Lightning,, HDR,,,,, Var,,,,,,,,,,,
95,iPhone 12 Pro Max 128 GB Pacific Blue,3099, Nano-SIM, 1, 3687, Non-removable Li-Ion," Super Retina XDR OLED, HDR10, 800 nits (typ), 1200 nits (peak)"," 6.7 inches, 109.8 cm2 (~87.4% screen-to-body ratio)"," 1284 x 2778 pixels, 19.5"," iOS 14.1, upgradable to iOS 14.2", Apple A14 Bionic (5 nm), Hexa-core (2x3.1 GHz Firestorm + 4x1.8 GHz Icestorm), Apple GPU (4-core graphics), 6," 4K@24/30/60fps, 1080p@30/60/120/240fps, 10‑bit HDR, Dolby Vision HDR (up to 60fps), stereo sound rec"," 4K@24/30/60fps, 1080p@30/60/120fps, gyro-EIS", 6 GB, 128 GB, -,, 228 g,"['Sürətli şarj 20W, 30 dəqiqəyə 50%', 'Naqilsiz sürətli şarj 15W', '12 MP, f/2.2, 65mm (telephoto), 1/3.4"", 1.0µm, PDAF, OIS, 2.5x optical zoom', '12 MP, f/2.4, 120˚, 13mm (ultrawide), 1/3.6""', 'SL 3D, (depth/biometrics sensor)', 'Ön / arxa şüşə, paslanmayan polad çərçivə', 'Su və Toz davamlığı IP68 (30 dəqiqə ərzində 6 metrə qədər)', 'Cızılmağa davamlı keramika şüşəsi, oleofobik örtük', 'Face ID', 'NFC']",https://irshad.az/az/mehsullar/iphone-12-pro-max-128-gb-pacific-blue/," Lightning, USB 2.0",, HDR,,,,, Var,,,,,,, Var,,, 160.8 x 78.1 x 7.4 mm,
96,iPhone 12 Pro Max 256 GB Pacific Blue,3369, Nano-SIM, 1, 3687, Non-removable Li-Ion," Super Retina XDR OLED, HDR10, 800 nits (typ), 1200 nits (peak)"," 6.7 inches, 109.8 cm2 (~87.4% screen-to-body ratio)"," 1284 x 2778 pixels, 19.5"," iOS 14.1, upgradable to iOS 14.2", Apple A14 Bionic (5 nm), Hexa-core (2x3.1 GHz Firestorm + 4x1.8 GHz Icestorm), Apple GPU (4-core graphics), 6," 4K@24/30/60fps, 1080p@30/60/120/240fps, 10‑bit HDR, Dolby Vision HDR (up to 60fps), stereo sound rec"," 4K@24/30/60fps, 1080p@30/60/120fps, gyro-EIS", 6 GB, 256 GB, -,, 228 g,"['Sürətli şarj 20W, 30 dəqiqəyə 50%', 'Naqilsiz sürətli şarj 15W', '12 MP, f/2.2, 65mm (telephoto), 1/3.4"", 1.0µm, PDAF, OIS, 2.5x optical zoom', '12 MP, f/2.4, 120˚, 13mm (ultrawide), 1/3.6""', 'SL 3D, (depth/biometrics sensor)', 'Ön / arxa şüşə, paslanmayan polad çərçivə', 'Su və Toz davamlığı IP68 (30 dəqiqə ərzində 6 metrə qədər)', 'Cızılmağa davamlı keramika şüşəsi, oleofobik örtük', 'Face ID', 'NFC']",https://irshad.az/az/mehsullar/iphone-12-pro-max-256-gb-pacific-blue/," Lightning, USB 2.0",, HDR,,,,, Var,,,,,,, Var,,, 160.8 x 78.1 x 7.4 mm,
97,iPhone 12 Pro Max 512 GB Gold,3939, Nano-SIM, 1, 3687, Non-removable Li-Ion," Super Retina XDR OLED, HDR10, 800 nits (typ), 1200 nits (peak)"," 6.7 inches, 109.8 cm2 (~87.4% screen-to-body ratio)"," 1284 x 2778 pixels, 19.5"," iOS 14.1, upgradable to iOS 14.2", Apple A14 Bionic (5 nm), Hexa-core (2x3.1 GHz Firestorm + 4x1.8 GHz Icestorm), Apple GPU (4-core graphics), 6," 4K@24/30/60fps, 1080p@30/60/120/240fps, 10‑bit HDR, Dolby Vision HDR (up to 60fps), stereo sound rec"," 4K@24/30/60fps, 1080p@30/60/120fps, gyro-EIS", 6 GB, 512 GB, -,, 228 g,"['Sürətli şarj 20W, 30 dəqiqəyə 50%', 'Naqilsiz sürətli şarj 15W', '12 MP, f/2.2, 65mm (telephoto), 1/3.4"", 1.0µm, PDAF, OIS, 2.5x optical zoom', '12 MP, f/2.4, 120˚, 13mm (ultrawide), 1/3.6""', 'SL 3D, (depth/biometrics sensor)', 'Ön / arxa şüşə, paslanmayan polad çərçivə', 'Su və Toz davamlığı IP68 (30 dəqiqə ərzində 6 metrə qədər)', 'Cızılmağa davamlı keramika şüşəsi, oleofobik örtük', 'Face ID', 'NFC']",https://irshad.az/az/mehsullar/iphone-12-pro-max-512-gb-gold/," Lightning, USB 2.0",, HDR,,,,, Var,,,,,,, Var,,, 160.8 x 78.1 x 7.4 mm,
98,Samsung Galaxy Z Fold 2 (SM-F916) Black,4799," Nano-SIM, eSIM", 2, 4500, Non-removable Li-Po," Foldable Dynamic AMOLED 2X capacitive touchscreen, 16M colors"," 7.6 inches, 180.8 cm2 (~88.6% screen-to-body ratio)", 1768 x 2208 pixels (~373 ppi density)," Android 10, One UI 2.5", Qualcomm SM8250 Snapdragon 865+ (7 nm+), Octa-core (1x3.09 GHz Kryo 585 & 3x2.42 GHz Kryo 585 & 4x1.8 GHz Kryo 585), Adreno 650, 8," 4K@60fps, 1080p@60/240fps (gyro-EIS), 720p@960fps (gyro-EIS), HDR10+"," 4K@30fps, 1080p@30fps, gyro-EIS", 12 GB, 256 GB, Yox, açılmış 159.2 x 128.2 x 6.9 mm, 282 g,"['Sürətli şarj 25W', 'Sürətli naqilsiz şarj 11W', 'qatlanmış 159.2 x 68 x 16.8 mm', 'Ön/arxa şüşə, alüminium çərçivə', 'Barmaq izi skaneri yan hissəsində yerləşir', 'NFC']",https://irshad.az/az/mehsullar/samsung-galaxy-z-fold-2-sm-f916-black/," 3.1, Type-C 1.0 reversible connector",, HDR,,,,, Var,,,,,,,,, Var,,
